TS_Pcomp,TS_Pscav,TS_Texh,TS_Ntc,TS_Pmax,TS_PR,TS_Ntc_Pscav,TS_Pcomp_Pscav,Estimated engine load
47.71393,0.9895849,273.0037,8631.922,74.8901,32.745426,8878.275,49.054028,35.92013
48.09596,1.0515186,271.39407,8676.112,79.57207,32.11072,8916.444,49.073795,35.71168
47.62715,0.9776015,271.08276,8659.18,78.3235,30.726479,9033.757,48.71686,34.69439
47.457718,0.9400963,267.377,8664.618,76.36576,31.104034,9017.142,49.802822,32.92774
47.916508,0.9815413,269.392,8531.834,76.95272,30.847965,9015.909,49.47176,33.70499
46.624855,0.9706878,266.3345,8489.965,75.70493,30.639715,9239.68,50.016228,32.48222
47.09655,0.94069993,267.34027,8480.171,75.58334,29.649538,9120.776,50.03822,32.92715
45.997154,0.92204136,269.48145,8540.734,74.10227,29.17395,9165.295,49.924644,34.015636
46.342373,0.921034,267.04846,8435.661,73.51822,30.106268,9196.044,50.172897,33.647915
45.43441,0.89296186,266.49408,8507.178,74.67497,29.760033,9180.3,50.256214,32.153584
46.25433,0.91426855,264.80478,8435.862,75.900215,29.477957,9213.517,50.153732,32.016808
45.00203,0.8901066,264.09497,8424.638,75.058365,29.205933,9185.598,50.436916,32.157227
46.150383,0.868528,265.18765,8376.149,73.56992,28.89531,9199.994,50.418346,32.366974
45.396698,0.9189428,265.69824,8394.74,73.403946,29.791521,9267.303,50.188366,32.58655
46.41289,0.896524,262.79877,8531.226,73.98894,30.202599,9176.314,50.66164,32.202057
46.85614,0.8728424,265.54272,8357.989,73.06575,29.80309,9132.216,50.058376,31.705893
45.02166,0.9184778,261.12668,8500.807,75.18256,29.435804,9324.335,50.05802,31.994616
45.838043,0.8790215,260.99924,8454.308,73.31028,28.275898,9246.373,51.117416,32.23294
45.158245,0.89635783,263.63037,8600.17,74.39704,30.055372,9175.238,51.070736,32.314125
45.2117,0.87652737,263.98135,8408.467,72.78748,29.036036,9290.3,50.62957,32.811653
45.520622,0.889358,264.51764,8431.525,72.873634,26.342525,9239.498,50.342022,31.449682
44.86454,0.8804482,262.49545,8413.129,73.348755,30.031277,9252.734,50.5763,32.07851
45.4333,0.871561,262.59207,8387.148,73.56971,28.808409,9177.837,50.339336,31.329103
45.14496,0.8820721,261.7389,8418.293,74.27205,28.95811,9299.402,51.16403,30.992651
45.350822,0.8904096,261.0376,8424.178,72.63435,30.32134,9341.668,50.408333,32.046112
45.487335,0.861156,262.63922,8402.076,74.67023,28.76434,9284.865,50.201828,31.313808
44.905315,0.8630303,264.10092,8417.687,75.25115,28.386608,9248.812,51.08735,31.147247
45.0019,0.88018215,263.3673,8332.515,72.65056,28.240442,9235.114,50.703518,31.607681
44.82881,0.87394965,263.2751,8402.1045,75.50557,30.417475,9291.756,50.914898,32.296062
44.633774,0.85415334,260.89572,8288.477,73.17972,28.568598,9371.353,51.601906,31.925203
43.966274,0.9007046,261.17276,8302.703,75.310616,29.120071,9357.383,51.579716,32.408554
44.62543,0.85304725,260.8101,8450.534,75.22445,29.254324,9285.529,50.914265,31.74778
44.5403,0.8458526,261.7114,8350.031,75.50257,29.398752,9193.977,50.575302,31.529879
44.25557,0.8484112,259.71326,8390.251,74.473465,28.333014,9319.966,50.200016,31.743969
44.454674,0.83195746,261.47766,8191.672,76.1608,29.29856,9347.107,50.729687,31.924515
44.838024,0.8530945,259.77594,8240.396,74.14803,29.170736,9339.742,51.34057,30.621634
44.35404,0.86633724,261.60406,8350.452,76.285545,28.896345,9296.156,51.03582,31.15441
44.089745,0.8158946,259.82812,8353.699,73.077446,29.593935,9274.801,51.401737,32.439194
44.019833,0.8350393,260.06143,8336.349,73.77718,29.619513,9300.105,51.591904,31.619484
44.154446,0.83560973,261.25323,8361.36,74.96646,30.4269,9393.782,51.342453,31.043133
43.721996,0.8560047,261.49857,8254.59,73.314835,30.238867,9332.869,51.58346,31.798944
43.815994,0.8430775,260.7157,8276.343,74.62157,29.941614,9354.802,51.41301,31.925573
43.702248,0.8658648,261.91354,8211.824,72.93626,30.573103,9198.835,50.89848,31.054998
43.91627,0.804778,262.16687,8422.965,77.2039,30.050938,9385.265,51.55956,31.54656
43.754475,0.8498608,262.29816,8317.492,76.06683,31.004707,9365.155,50.64982,31.466301
44.310467,0.8187627,260.56467,8276.549,76.30759,31.268797,9327.45,50.834324,31.426064
43.600636,0.8336319,263.72018,8237.558,78.50175,29.990019,9573.989,51.30245,32.02391
44.405445,0.83838207,262.54837,8251.123,78.15357,30.50613,9386.465,51.03612,32.330734
44.347347,0.8588845,263.8289,8223.785,76.50442,30.54269,9302.913,51.245323,32.05884
43.87305,0.85022265,261.25443,8216.971,75.014366,30.836897,9257.697,51.37192,32.282085
43.71601,0.84457207,263.50134,8293.038,75.09097,31.467402,9393.328,51.5565,32.45168
44.120922,0.8419604,263.14667,8234.952,76.32078,32.137444,9483.562,51.631153,32.834015
43.864967,0.834279,265.40118,8211.645,78.9004,31.502348,9538.194,51.50047,31.87616
44.402615,0.8535637,264.40045,8214.047,76.05965,31.521442,9222.988,51.105247,31.915525
43.57705,0.8333265,263.71057,8212.126,77.99044,32.997925,9273.654,51.55609,32.4455
44.578564,0.8621976,263.4015,8288.353,79.04482,33.70543,9414.36,50.91478,32.924637
44.231827,0.8596734,264.90448,8240.217,79.107056,34.20902,9430.943,50.912567,33.104584
44.023636,0.8625737,262.2639,8233.06,78.40784,34.541195,9210.808,50.660492,33.738052
44.197235,0.8928607,264.35464,8331.458,79.80909,34.230106,9275.131,50.972397,33.342037
44.2275,0.86699516,265.4096,8274.472,78.76944,34.978462,9380.957,51.037632,33.33261
44.62934,0.87210864,265.1525,8256.597,78.71985,35.547672,9250.507,51.1216,33.47602
44.779293,0.8487289,265.47644,8236.994,80.18793,35.17663,9367.201,51.31502,33.324276
44.804577,0.8350524,265.41376,8229.948,81.39559,34.89028,9419.61,51.121532,33.25879
44.396828,0.87799054,266.33887,8248.32,79.724174,34.63128,9330.992,51.061275,33.949394
45.340137,0.8374153,265.4726,8301.752,81.04615,35.163906,9553.473,51.09013,33.78861
44.77272,0.8593604,264.74625,8247.269,81.07254,35.710842,9519.281,51.306522,33.75756
44.024364,0.85705596,265.04428,8206.432,79.95184,36.067204,9521.275,51.52212,33.946594
44.23799,0.84720176,266.21652,8250.346,81.20479,36.52038,9394.213,50.73183,34.119686
44.613804,0.8446387,264.7901,8284.509,80.800476,37.076744,9392.427,51.01387,34.18086
44.11717,0.8749523,261.8055,8131.3247,81.68431,36.917343,9484.999,51.030155,33.808746
43.94184,0.86601317,264.13718,8151.982,80.73193,37.34966,9640.317,50.80704,33.66521
44.16201,0.8459261,265.76398,8261.503,81.12245,37.073032,9527.913,51.409996,33.30699
44.12925,0.8483103,264.48422,8199.111,82.123055,38.080547,9541.574,51.388683,33.587612
44.02599,0.8538106,263.26385,8036.9033,81.923325,37.782555,9404.496,50.911533,33.399216
44.115578,0.8381685,262.35602,8230.886,81.88116,37.450924,9559.132,51.163776,33.694557
44.186024,0.81485575,264.67285,8237.025,81.86752,37.977516,9443.205,52.16493,33.51672
43.384014,0.8301222,263.5422,8176.819,83.05634,37.825584,9582.75,51.328896,34.22376
43.28134,0.79330283,264.26535,8162.3174,83.26851,37.80806,9636.401,52.032654,32.47954
43.888264,0.82994497,263.9948,8076.7407,80.57632,38.906315,9668.23,51.41393,32.912144
43.369198,0.7963555,262.8539,8163.332,81.8167,38.28015,9555.109,51.86355,33.138203
43.451744,0.8023272,264.81174,8138.483,80.657814,37.84956,9674.639,51.891216,32.726105
43.190933,0.833048,265.2102,8162.819,81.34939,38.27667,9597.981,52.27379,32.847466
42.80508,0.81564796,263.26462,8117.679,81.26682,38.603928,9644.994,51.86003,32.115204
43.364437,0.78198695,263.0411,8045.0415,81.68894,39.008114,9673.18,51.998333,32.09125
43.269737,0.80834097,263.1567,8025.4546,81.83775,38.805336,9656.088,52.575027,32.43101
43.090813,0.81240475,260.42984,8090.463,81.69574,37.600586,9679.279,52.222916,32.547398
43.30441,0.78564566,262.6525,8026.972,83.186104,39.054943,9683.5625,52.37648,32.394188
43.059402,0.78468424,262.8812,7980.7397,82.56741,40.576103,9755.102,52.351315,31.794407
42.95288,0.74716735,262.94577,8028.5605,82.58892,38.374096,9667.012,51.597622,32.68281
43.060364,0.8046385,265.56125,8116.954,82.356346,39.39681,9749.021,52.136814,32.530594
43.52635,0.7918704,263.71768,8092.412,82.72224,38.573288,9795.433,52.32692,32.170395
43.4168,0.77132714,261.41425,7968.6636,82.77598,37.29053,9667.052,51.74199,33.065456
43.137035,0.81898326,264.26266,8111.7227,83.13628,39.055077,9527.951,51.981895,33.173912
43.22304,0.775802,265.6867,8118.395,83.40499,39.56087,9675.422,51.21586,33.58244
43.442337,0.8027882,262.01044,8062.4546,82.87592,41.22292,9640.055,52.283375,32.478245
43.246758,0.7732195,265.94,8017.2954,84.62162,41.16325,9926.898,52.361565,31.985268
43.247356,0.77564114,264.51517,7925.208,85.19224,40.47371,9613.308,52.670517,33.35972
43.570843,0.79023695,263.04474,8059.3945,83.58839,41.680527,9670.2295,51.851944,32.533127
43.004547,0.7864896,261.9534,8030.996,83.54691,41.6125,9897.552,52.219166,33.537502
43.285774,0.80798775,263.23224,8140.2188,85.02671,42.256798,9729.069,51.809723,32.91833
42.992588,0.75450957,264.2379,7903.8345,85.34686,42.821617,9740.513,51.97634,33.3691
43.286144,0.79528934,262.7033,8034.0522,85.5248,41.784904,9782.991,52.567036,33.013283
43.25228,0.7588479,265.4108,8083.17,86.19113,41.74743,9786.238,52.388004,33.60937
43.407074,0.8038685,263.72675,8010.416,86.09424,41.3364,9792.347,52.280914,33.055653
43.290123,0.783117,262.5497,8117.61,86.41157,42.788105,9685.549,52.418495,33.21889
43.28437,0.772828,262.35736,7920.902,84.6715,41.557175,9889.069,52.190636,33.33418
43.237877,0.77531123,263.0738,7991.4263,86.14005,42.08232,9812.975,52.516914,34.44311
43.516193,0.78384274,267.16583,8080.6323,88.23399,41.31887,9842.337,51.992115,34.147564
43.879135,0.8161167,265.24127,8013.3237,86.593056,41.76674,9680.855,52.189777,33.78035
43.082367,0.776196,265.10553,8033.264,86.70406,45.125656,9695.09,52.240788,34.30502
43.096165,0.82845926,262.32397,8093.6973,86.681435,42.41956,9779.931,52.44903,34.161312
44.27156,0.820124,263.83368,8005.7573,88.93928,42.37391,9805.445,52.07424,34.78161
43.434185,0.80373424,264.9152,8091.778,87.320435,43.80155,9714.03,51.91876,34.9521
44.652245,0.8442547,265.1643,8154.886,89.242485,41.49868,9509.33,52.15051,35.474163
44.319653,0.87491363,265.40866,8075.1284,90.248184,45.39562,9715.333,51.90785,36.632946
45.06248,0.8542529,265.10828,8150.007,88.871376,43.52099,9481.514,52.12667,35.903164
44.581463,0.87367314,265.4839,8166.298,91.189926,44.79595,9695.806,51.727993,35.864407
44.293083,0.8605152,266.55176,8216.182,91.41647,43.604137,9672.079,51.33059,35.957527
44.22712,0.88249403,266.31473,8227.797,91.09548,46.77657,9632.045,51.94611,36.046177
45.201103,0.8776245,265.98248,8195.753,90.843895,43.996452,9724.187,52.16033,36.428818
44.934788,0.87265384,265.5527,8127.382,90.81783,43.58604,9581.537,51.829647,35.889427
45.28134,0.88806576,267.21115,8205.148,91.09326,45.518726,9698.734,51.787453,36.164043
45.26221,0.85117763,264.48456,8130.451,90.68778,47.274155,9697.751,51.5483,36.65693
44.751587,0.91922754,264.11893,8159.1924,92.803024,46.952744,9639.408,51.6972,35.74638
44.99668,0.9071032,267.1758,8203.931,92.12403,45.659473,9720.42,51.74978,36.400528
44.67363,0.87958515,267.15756,8153.2896,92.55892,44.553074,9503.748,51.682014,36.18875
45.210243,0.9039944,269.16592,8229.652,92.370575,45.523342,9572.14,51.788006,37.82769
45.38734,0.8939991,267.25168,8187.1772,90.89375,45.905834,9777.126,51.964283,36.847256
45.35419,0.90637743,264.9207,8155.7397,93.69916,46.310066,9615.803,51.762947,36.696957
44.843002,0.91071326,268.72974,8159.126,93.0168,46.335068,9625.939,51.976334,37.39319
45.053993,0.9073406,267.54742,8214.791,94.5691,46.433872,9666.211,51.53353,37.81969
45.06505,0.9014333,270.89728,8160.7925,94.973404,45.780987,9342.925,52.069633,38.57232
45.74402,0.86377877,272.3335,8221.165,96.23039,45.762268,9570.98,51.510803,37.317326
45.04873,0.893524,270.59283,8197.791,94.00584,50.940376,9456.917,51.62327,37.529743
44.961636,0.9044627,268.05823,8135.3013,96.00136,47.812504,9609.902,51.177914,37.726624
45.378147,0.8831821,270.3163,8130.3896,94.135704,50.261425,9630.929,51.71876,37.23005
45.25844,0.84664655,268.69165,8219.257,95.3961,47.381954,9705.357,51.63289,37.875626
44.051105,0.9008802,269.60474,8096.1743,96.19515,51.651875,9622.208,51.753613,38.0005
45.87983,0.91740966,268.11475,8217.605,94.607605,49.502293,9698.768,51.54423,36.883923
45.072582,0.87869674,267.95227,8239.281,95.61015,48.25545,9779.397,51.779243,38.40761
45.099945,0.8757949,268.35938,8156.056,95.98824,52.881058,9493.365,51.953945,38.389633
44.965977,0.8934685,267.28427,8176.1562,93.98889,51.01312,9538.974,52.080826,37.08608
45.16743,0.93218243,266.3522,8102.3027,94.51871,48.56061,9646.354,52.001335,37.310402
44.96451,0.86362416,266.42285,8181.8887,93.52151,50.33378,9759.618,51.906384,36.702072
44.322685,0.8827311,267.3714,8126.583,94.58475,49.168518,9572.686,51.864426,37.10279
44.3902,0.8496403,265.96555,7976.713,94.65094,49.546036,9808.438,52.161243,37.30218
44.717262,0.8784696,264.41135,8135.1675,93.34824,50.21679,9683.586,52.002373,36.19526
45.07389,0.83126354,263.22977,8141.2417,92.63762,50.502827,9576.948,51.92766,35.173523
44.751453,0.8361109,266.37906,8121.7876,91.55929,49.672417,9704.077,52.329224,36.523758
44.654392,0.86432606,262.8517,8089.4814,92.93547,49.254513,9670.205,51.898968,36.37814
44.23524,0.8776859,265.1984,8064.5674,92.378,50.176888,9692.825,52.280655,36.756397
45.109417,0.8703501,265.9092,8051.9775,92.16669,49.651634,9722.236,52.531334,37.621555
44.432007,0.8795708,268.60815,8058.424,94.250824,50.157608,9590.344,51.719254,38.124615
44.377235,0.89284414,265.65482,8115.921,93.29728,50.30012,9537.674,52.076443,36.405605
44.959534,0.90670407,268.89648,8144.9595,91.20197,51.539715,9492.39,52.137363,36.575447
45.426952,0.9040888,267.78305,8161.188,95.14726,50.73101,9416.457,51.91358,38.23205
46.05798,0.91156846,271.74854,8192.892,95.59611,51.222145,9498.576,51.449043,37.391674
46.077564,0.8828256,272.49582,8329.082,94.61026,51.6381,9426.721,51.617054,37.56794
45.779232,0.92633224,269.02225,8230.366,95.39625,50.123684,9402.0,51.12403,38.26258
46.16764,0.9190543,273.41266,8413.666,97.20328,51.351994,9346.632,50.904476,39.75078
46.018917,0.9680235,271.5093,8353.761,96.870255,51.843525,9361.097,50.808968,39.19026
46.53011,0.9176287,271.27896,8410.054,96.74295,51.55095,9403.96,51.30842,37.672916
46.958298,0.9592297,272.11526,8274.266,94.02766,51.572346,9380.47,50.9417,38.427525
46.510933,0.90905464,272.3149,8225.34,96.25991,51.553528,9339.471,50.81351,38.518684
45.784576,0.9803175,270.0518,8310.65,100.43541,51.851894,9286.085,50.782887,39.21762
47.047302,0.92780405,273.28534,8488.722,97.6538,52.66153,9466.843,51.47357,37.645294
46.02717,0.96879506,271.52618,8317.138,98.05188,52.850956,9205.533,50.479584,38.831593
47.471077,0.95239544,272.44742,8435.539,98.073166,53.304615,9269.121,50.649036,38.627567
46.34866,0.9728016,272.34396,8431.539,97.8971,50.87986,9263.336,50.570377,38.720177
46.590855,0.9350757,270.2193,8407.816,98.65513,52.531532,9209.156,50.413975,38.71423
46.76658,0.95928556,273.289,8521.276,97.7224,52.095753,9237.488,50.604267,40.326733
46.99147,0.956544,271.7411,8443.874,98.5441,53.835915,9024.575,50.701614,38.760437
45.74504,0.95102453,273.32547,8396.898,98.82783,51.932003,9328.994,49.804737,38.059868
46.695812,0.9825383,270.4892,8459.368,98.593765,53.148335,9338.393,50.080692,39.163364
46.597,0.9688481,275.0566,8544.38,99.34492,53.314686,9168.087,50.461594,39.14043
46.766827,0.99404067,270.79672,8527.042,98.11966,50.919106,9127.272,50.35566,39.945084
46.3726,0.9558452,274.3185,8465.736,98.45949,52.837,9083.177,49.759464,38.42192
47.291008,0.9473598,272.43048,8535.091,99.4133,51.38677,9168.472,50.009075,39.866844
47.321377,0.9800755,276.36783,8464.992,99.94584,52.7841,9140.095,49.546764,38.78736
47.531605,1.0363383,270.95593,8611.2,97.71336,51.02876,9072.039,49.74354,38.66925
47.14685,0.97116745,271.2524,8579.911,99.77066,52.97158,9055.778,49.847183,40.68689
47.450157,1.0155312,272.6321,8554.819,98.83781,52.433865,9088.45,50.597157,40.281128
47.41435,1.0160899,273.0518,8707.333,100.78576,51.692802,9081.34,49.773506,38.874928
47.590355,0.97657084,276.99097,8552.05,98.85358,53.218044,9027.501,49.70274,40.23516
48.66233,1.0003978,272.89923,8580.072,99.71061,50.432274,8984.481,49.292522,38.63531
48.03871,1.0537661,275.2937,8638.317,100.1451,50.664116,9111.05,48.626274,38.754086
47.790905,1.04911,274.9383,8682.26,101.344765,51.698162,8935.484,50.03679,40.993473
47.948456,1.0618805,277.21762,8662.686,100.09402,53.281654,8961.598,49.396442,40.211132
47.95189,1.0272113,273.5886,8751.098,99.19763,52.196724,8923.652,49.442787,40.015316
47.69982,1.0115186,276.39688,8628.435,100.28449,51.639412,8988.354,49.45403,40.236076
47.344246,1.0395696,275.93494,8637.638,99.69782,52.470505,8894.858,49.696953,40.184555
47.73898,1.0247233,276.88135,8623.986,99.40043,52.216366,8932.194,49.33923,40.33323
47.723576,1.0229894,277.94144,8746.644,99.03384,50.700813,8904.499,49.5871,40.39524
47.82011,1.0340918,275.2102,8717.185,100.05038,50.724106,9009.272,48.60064,40.087795
47.6906,1.0310339,274.68115,8736.507,97.727066,50.56906,8978.759,49.082405,39.860317
48.27888,1.0420514,273.16348,8634.805,98.44223,49.967113,8928.797,49.50554,37.853455
48.227863,1.0456884,275.38937,8663.887,99.82089,51.268867,9044.443,49.055386,40.074795
47.373875,1.011956,271.69016,8722.203,98.5737,50.56998,8969.304,49.20458,40.392574
47.953655,1.0550141,274.03094,8673.481,99.76739,50.336224,8843.849,49.31344,40.47954
47.720688,0.9972024,273.25308,8689.967,100.63675,51.22941,8858.996,49.727543,39.98933
47.880005,1.0505283,271.99228,8674.003,99.738884,51.377853,8894.515,49.130558,39.639187
47.578094,1.0463965,274.0767,8727.206,99.19741,51.193615,8928.78,49.375786,39.36133
47.377613,0.97811383,274.42035,8693.573,98.801476,50.97333,9013.147,49.143726,40.131977
47.611305,1.0425665,276.03598,8770.049,100.33437,52.298183,8954.394,49.268032,39.940094
47.777664,1.0246835,274.63196,8668.333,99.611374,52.469894,8976.142,49.560932,41.85115
48.808315,1.0282991,276.01776,8734.982,101.40879,52.87659,8902.087,49.272816,40.39314
47.161324,1.0433147,275.4897,8754.636,101.8558,52.607727,8874.636,48.733597,40.652855
48.51266,1.0307312,274.49698,8851.002,99.5322,51.479313,8875.215,49.021774,40.343143
47.475414,1.0606915,276.56888,8816.418,99.76624,51.62672,8907.743,49.04576,40.81909
47.963367,1.0687085,276.96967,8671.925,103.62155,52.107075,8836.233,49.03906,39.80519
48.010742,1.0613091,276.66782,8785.618,102.05168,51.15315,8833.261,49.414886,41.64318
48.286465,1.041428,277.55298,8800.37,102.20725,52.39777,8869.525,49.30518,40.941917
48.300304,1.0675757,275.62723,8886.437,103.04499,51.190376,8800.689,49.342915,41.965717
48.103172,1.0350628,277.82632,8896.787,102.62611,52.178417,8897.094,48.96362,41.851826
48.698467,1.0542768,278.23743,8816.923,100.159836,52.20942,8852.833,48.92911,40.642754
48.668278,1.0816699,279.46634,8818.071,101.42531,52.59377,8814.058,49.427345,41.493305
49.007698,1.0553832,277.7504,8787.576,101.83492,51.736683,8904.699,48.96682,41.51219
48.623325,1.0587013,276.91074,8803.547,102.34801,52.84578,8864.72,48.85763,41.72647
48.558067,1.0702553,276.87903,8773.172,103.77979,52.721558,8736.495,48.94603,41.672016
48.45503,1.096423,279.7302,8890.79,103.43596,53.00113,8783.845,48.912674,41.93649
49.086685,1.0874841,274.7038,8866.694,103.28233,52.36257,8771.172,48.69756,41.686615
49.60025,1.0789671,278.73096,8814.45,104.411545,53.48262,8828.0625,49.195656,42.26529
48.97536,1.0795779,275.30905,8781.904,103.08528,53.16452,8776.399,49.26926,41.43326
48.060158,1.0755209,276.03882,8889.857,103.14506,52.00543,8794.279,48.50106,41.49871
49.522255,1.0538422,275.02753,8828.593,103.70606,52.812363,8769.721,48.390186,43.287807
48.943428,1.0729938,279.01535,8902.408,102.865906,53.61884,8739.222,48.66294,42.76371
49.05132,1.1088357,274.78748,8800.534,102.72635,51.743874,8851.093,48.154408,42.396996
49.013557,1.0899156,279.10733,8889.777,102.224724,54.029537,8856.304,48.265503,42.182182
49.14319,1.0831885,277.15637,8847.214,102.497826,54.84728,8685.9795,48.53317,42.84471
49.38896,1.0992403,274.51974,8838.351,104.08353,51.811546,8802.219,48.05856,42.4319
49.811646,1.09766,277.71317,8898.812,103.54709,52.732975,8681.297,48.759563,42.767525
49.689346,1.0911701,276.59085,8854.052,104.98298,52.485233,8626.316,48.39285,43.644333
50.01726,1.1305714,278.98016,8861.3125,102.6573,52.781193,8625.761,47.600964,42.88642
50.922985,1.1128312,277.1689,8939.155,103.96094,52.625095,8775.022,48.115704,43.28767
50.11416,1.1253378,278.02567,8930.538,107.48649,53.32567,8538.661,47.800705,44.754673
50.4353,1.12158,281.45288,8989.802,107.648285,54.03419,8582.946,48.15891,43.916237
51.232834,1.143973,280.73343,9099.043,106.12311,52.94094,8561.984,47.53023,44.71038
50.608597,1.1551479,279.37378,9050.587,105.76974,51.781487,8666.876,47.590557,45.18669
50.799026,1.1413274,281.37286,9030.383,105.28382,52.84844,8560.873,47.284462,44.75915
51.618378,1.1456625,281.31137,9085.957,107.13817,54.66211,8605.802,48.368866,45.670067
50.986446,1.1915715,281.58728,9080.749,108.34837,54.19188,8473.661,47.972866,45.93996
51.114754,1.1240423,281.09515,9022.968,107.7963,54.22555,8413.8125,47.56468,45.059013
51.253635,1.1636134,280.96698,9206.107,108.405174,54.26054,8533.752,47.737083,46.879517
51.200085,1.1984991,283.30817,9084.592,108.44695,53.81686,8419.925,47.129547,46.650646
51.58879,1.1976854,282.101,9160.126,108.31332,54.230064,8480.403,47.241295,46.89643
52.459984,1.2020644,283.14084,9177.279,108.79794,54.01368,8554.459,47.207912,46.441967
51.434547,1.2210808,284.56613,9108.91,109.92427,55.79464,8406.268,46.767254,46.109642
51.920567,1.2402592,286.06976,9258.982,107.87666,55.67769,8418.872,47.319344,47.141186
52.798374,1.2180146,283.9104,9229.393,110.18226,56.694088,8257.819,46.61171,47.54563
53.171597,1.2437494,284.72906,9168.566,109.35182,56.690712,8358.502,46.49141,47.02705
52.887276,1.2371987,285.4692,9250.16,110.23892,55.97607,8335.009,46.42345,47.324997
52.721867,1.2648349,285.89337,9255.678,111.23333,54.94345,8318.675,46.738586,47.64152
53.134277,1.2546856,286.77966,9341.097,111.78844,55.574337,8199.159,46.835392,47.71428
52.62388,1.2619805,286.76083,9252.151,111.333855,56.546227,8214.686,46.637768,47.831722
52.96952,1.2425476,288.9588,9340.773,110.275345,56.961353,8336.571,46.467587,47.992783
53.45711,1.3091701,286.49042,9324.21,109.51193,57.352924,8160.01,46.25698,48.38793
53.85822,1.2977324,287.32352,9402.843,114.81476,57.358173,8120.243,46.194115,48.438183
53.59062,1.3233703,288.02753,9426.91,113.71651,58.610447,8102.8403,46.493183,49.174076
53.20084,1.276455,288.24747,9526.27,113.4467,56.598454,7942.0396,46.297485,48.70028
54.149006,1.329426,289.95322,9576.859,111.87349,56.567413,8242.811,46.254463,47.913483
54.924862,1.3204747,292.29608,9403.339,114.027916,58.089336,7941.226,45.55195,49.952995
54.371937,1.295523,291.11346,9650.682,115.42793,56.433243,8126.4854,45.53935,48.696346
54.27661,1.3127763,288.8018,9561.93,114.06483,59.373547,8022.2505,45.49795,49.859478
54.41097,1.3250134,291.7453,9559.21,112.23003,57.494762,8119.904,46.40498,50.288326
55.385826,1.3371217,288.05878,9488.752,113.578064,59.321877,7922.7354,45.239006,50.385654
55.414307,1.3311778,289.1256,9617.767,116.04633,57.963017,7844.856,45.48956,49.08037
54.91441,1.3330867,291.6221,9550.023,117.58156,58.48277,8023.312,45.208622,49.522007
54.711674,1.3121794,291.50015,9618.805,115.65442,59.608143,8092.8003,45.574425,51.344166
54.79539,1.3889402,296.03543,9604.602,114.19753,57.565697,8034.5195,44.645767,50.324818
55.161694,1.3613297,292.58524,9642.611,112.66204,57.09212,7941.197,45.479183,50.87673
56.154453,1.3464965,292.16135,9651.716,113.49255,59.402267,7986.3906,45.071186,51.370155
55.547882,1.3922117,293.62708,9698.163,117.15095,57.964333,7819.7866,45.248177,50.912647
55.69336,1.3529314,294.5445,9530.562,114.96906,56.657143,7796.809,45.138847,50.98829
56.280827,1.415436,291.65695,9828.367,115.71277,57.748867,7743.968,45.018723,52.132286
55.80348,1.3852596,293.91028,9749.486,116.88959,60.426723,7925.324,44.693703,52.373135
56.218407,1.3832215,294.88278,9766.246,115.26206,59.59603,7721.2827,44.9661,52.27475
56.07208,1.3736515,294.35663,9815.727,118.96918,59.091084,7768.738,45.14714,52.369392
55.529938,1.4497964,295.54007,9766.495,116.11692,59.199818,7701.1143,45.103065,52.278942
56.656,1.4475728,294.7226,9831.138,117.71445,59.28488,7677.7476,44.672432,52.87138
56.929714,1.4173373,295.5273,9850.734,115.85324,59.092648,7590.121,44.238857,52.834724
57.19667,1.4378251,298.51108,9931.191,116.0701,58.08623,7527.5024,44.506287,52.325188
57.557995,1.4784313,297.46698,9874.639,118.244644,60.343594,7554.415,43.880054,52.48879
57.41985,1.4723947,295.86407,9892.935,117.1774,60.17085,7573.9,44.350903,54.12965
57.477936,1.4658067,298.96246,9974.006,116.37693,60.584797,7610.708,43.588654,53.515686
57.28528,1.4626987,300.79868,9970.789,117.961975,60.892303,7467.489,44.43118,53.465782
57.65076,1.4439526,300.34845,10055.959,120.39914,60.00941,7490.4697,43.746407,54.352715
57.47744,1.4368203,299.67017,9989.007,119.41925,62.730198,7625.1484,44.175724,54.276775
58.255302,1.5309778,299.15228,10109.515,119.546776,61.17353,7420.0723,44.058376,54.1107
58.204227,1.4879149,298.8358,9841.875,120.71236,58.897045,7399.5645,43.362392,55.562405
58.18286,1.5020614,299.59036,9987.044,121.39484,61.12016,7410.7754,42.60793,54.414597
58.045208,1.4791294,302.8816,10029.977,121.47743,61.237,7385.2153,43.0698,54.770653
58.142296,1.5260885,303.1875,10118.498,120.85901,60.70697,7376.7124,43.50376,56.233402
58.03581,1.50469,304.1179,9914.056,122.11118,64.113556,7331.7285,43.842743,56.4397
57.895267,1.4902524,302.11777,10055.814,120.29196,63.29022,7477.7773,42.76997,55.806923
58.345245,1.4739679,302.79172,9974.623,122.52165,62.498566,7381.7563,43.06089,55.29322
58.86942,1.5162777,303.69006,9919.44,121.16924,61.580944,7340.6196,43.447414,55.74125
58.63838,1.5073409,302.91797,9987.32,122.27462,62.642387,7566.947,43.281925,55.390175
58.283573,1.5304695,301.6733,9880.915,121.5074,62.172432,7631.1406,43.1703,56.284836
58.402836,1.505696,305.76315,9957.971,122.926414,63.08423,7268.42,42.573677,56.07342
59.211727,1.5246241,307.16336,10197.022,121.94986,63.80877,7218.129,42.609154,55.76218
58.927734,1.5205578,305.1534,9944.975,123.06683,64.42488,7383.462,42.584255,56.757545
58.53325,1.4940504,307.2823,10026.295,122.132996,63.63933,7749.8936,42.827946,56.28263
58.900803,1.5029824,307.85263,10011.504,124.9403,65.05432,7565.774,42.58241,56.502193
59.205395,1.513969,309.66034,10007.162,125.83016,64.2964,7404.972,42.162857,56.624973
59.169598,1.5424513,307.94223,10012.697,124.02355,64.91828,7407.2856,43.10199,57.23464
59.294155,1.5075957,307.72995,10039.57,124.69679,64.13305,7268.8154,42.036015,57.90017
59.11533,1.5414449,308.82602,10265.011,123.65684,65.763084,7660.9478,42.162594,56.830566
58.908554,1.5386773,310.33847,10015.82,123.67035,64.27433,7301.5815,41.93778,56.43224
58.166794,1.5499954,309.5902,10116.956,123.54892,64.989456,7309.5825,42.426888,56.95399
58.761646,1.5086788,310.1075,10021.086,124.594696,65.0345,7495.792,42.273323,57.14665
58.33971,1.5027658,308.55084,10095.912,122.68088,65.64722,7541.1035,42.390022,56.137688
59.43033,1.4982095,306.98087,10135.245,124.08909,65.05777,7316.947,42.29206,56.9809
59.120712,1.5209364,307.12564,10005.637,121.24846,64.33491,7523.8438,42.468086,56.71301
59.52886,1.504634,305.231,10009.199,121.356834,66.08177,7342.0054,42.367893,56.19279
59.01972,1.4907424,303.3618,10071.337,122.12535,63.428253,7315.6494,42.36123,56.145523
59.184105,1.5301565,304.58963,9960.908,121.77078,65.27325,7655.764,42.828846,56.44547
58.617615,1.5380272,302.94965,10013.512,122.50765,65.25979,7410.2397,42.24656,55.672375
58.823135,1.4800459,309.22763,10010.994,123.927444,64.812965,7662.23,42.30288,56.054302
58.91502,1.4952459,301.5286,10032.509,122.83599,65.504745,7282.167,42.34023,56.684734
59.006344,1.4746306,306.68002,10029.505,122.94463,64.45455,7628.8394,42.601295,57.0912
58.132557,1.50967,298.64713,10050.272,123.65298,65.740715,7539.642,42.803684,56.09472
58.929203,1.4954522,303.19354,10009.193,122.44316,64.24105,7650.7026,42.27199,55.808636
58.727585,1.4774702,302.13794,10000.598,122.86449,64.79386,7594.2515,42.25194,55.526535
58.767822,1.4507833,304.02725,10004.66,120.40574,65.22083,7547.8496,42.598198,56.314125
57.60885,1.4739889,303.45856,9974.891,121.90299,64.48704,7534.759,43.043484,55.877895
58.677982,1.473036,302.2991,10005.507,121.86734,64.96925,7441.3926,42.406734,55.91761
59.0087,1.5097762,299.7303,10021.926,122.16786,64.10639,7428.8,42.61087,55.235012
59.138855,1.4442651,298.99536,9966.677,121.33739,63.081203,7586.1753,42.678314,55.98613
58.287838,1.4822657,305.4399,9990.078,122.0734,66.73445,7709.6284,42.45032,55.398994
58.26295,1.4757328,300.33902,10002.296,120.800476,63.122536,7451.842,42.511486,55.491943
58.56128,1.480886,304.16052,9961.117,122.65921,64.56244,7637.0767,42.516766,55.14761
57.95873,1.4590294,307.2329,9928.551,121.58809,63.779602,7433.1978,42.95637,54.856247
57.938133,1.4668701,305.05478,10030.345,121.32208,63.032745,7623.592,42.41268,55.334274
58.131897,1.4651139,300.43228,10013.774,122.63061,63.039642,7510.863,42.291393,55.386745
58.967865,1.4875299,305.49902,10017.009,121.28825,61.542603,7605.2896,42.648705,55.238605
57.993404,1.4735835,299.8727,9966.494,120.92338,63.34188,7702.1855,42.856792,55.206123
