TS_Pcomp,TS_Pscav,TS_Texh,TS_Ntc,TS_Pmax,TS_PR,TS_Ntc_Pscav,TS_Pcomp_Pscav,Estimated engine load(ems),matched_load,matched_date,deltas,Ref_Pcomp_Pscav,Ref_PR,Ref_Pmax,Ref_Ntc,Ref_Ntc_Pscav,Ref_Pcomp,Ref_Pscav,Ref_Texh
65.12457,1.8104085,325.22083,11351.127,82.82541,20.344446,5891.745,33.97661,53.547894,53.55791666666666,2021-12-10 17:00:00,0.010022666666657187,32.01001739501953,14.506053924560547,81.73573303222656,11630.6826171875,5629.6962890625,66.72988891601562,2.06797194480896,313.6527099609375
65.1122,1.8377386,327.23276,11313.426,82.067345,20.403206,5933.868,33.94688,53.51982,53.51925,2022-05-03 12:00:00,0.0005700000000032901,32.53839111328125,20.886268615722656,82.80065155029297,11565.2080078125,5753.4482421875,67.00020599365234,1.9694252014160156,325.6741027832031
64.858826,1.9577559,324.86957,11399.341,82.21765,20.393932,6020.097,33.99112,53.35317,53.337633333333336,2021-12-10 15:00:00,0.015536666666662313,32.01991271972656,14.560641288757324,81.43543243408203,11585.705078125,5650.18212890625,66.73917388916016,2.0667099952697754,311.28070068359375
64.93444,1.8676665,330.53955,11117.899,82.15783,20.232372,5990.1836,33.839344,53.483562,53.484116666666665,2021-12-11 19:00:00,0.0005546666666660371,32.08906936645508,15.261588096618652,82.4702377319336,11581.2138671875,5668.2001953125,67.01776885986328,2.045987844467163,318.0576171875
64.86736,1.9193071,328.99503,11481.137,82.67972,20.28308,5898.534,33.801895,52.77527,52.76266666666667,2021-12-12 05:00:00,0.01260333333333108,32.235107421875,15.3101167678833,81.47053527832031,11525.9365234375,5740.36376953125,66.30378723144531,2.008390188217163,315.7605285644531
64.72052,1.9432167,322.9038,11140.261,82.16713,20.201952,5951.5303,33.99185,53.651047,53.65248333333333,2022-05-06 18:00:00,0.0014363333333307082,32.27647399902344,20.219650268554688,82.71739959716797,11630.380859375,5835.9599609375,64.97898864746094,1.9754509925842285,329.7247009277344
65.120224,1.9297689,328.4273,11187.069,82.69511,20.194048,6002.1763,33.886066,53.86988,53.83116666666666,2021-12-11 14:00:00,0.03871333333334093,32.11522674560547,15.445026397705078,82.78314971923828,11605.0595703125,5651.7421875,66.90613555908203,2.044534921646118,319.5006103515625
65.0464,1.9464654,317.92944,11095.918,82.63274,20.129272,5918.617,33.868763,53.255535,53.27426666666667,2021-12-12 07:00:00,0.01873166666666748,32.12575912475586,15.22953987121582,81.65516662597656,11544.654296875,5722.31396484375,66.91812896728516,2.040182113647461,316.03643798828125
65.073,1.8726835,326.84824,11339.673,82.24157,20.68334,5955.5415,33.820766,53.105038,53.10926666666666,2021-12-10 08:00:00,0.0042286666666626616,32.028160095214844,14.578461647033691,81.16903686523438,11563.138671875,5668.13427734375,66.76753997802734,2.055278778076172,310.66290283203125
64.65286,1.8447334,322.94785,11311.489,81.98854,20.385748,5979.6543,34.098206,53.274864,53.27426666666667,2021-12-12 07:00:00,0.0005973333333315622,32.12575912475586,15.22953987121582,81.65516662597656,11544.654296875,5722.31396484375,66.91812896728516,2.040182113647461,316.03643798828125
64.800354,1.8460971,324.40906,11162.285,81.76458,20.12891,5973.284,33.94967,53.323654,53.321916666666674,2022-04-29 12:00:00,0.0017373333333239316,32.606449127197266,19.69147300720215,82.7794418334961,11534.263671875,5837.0146484375,65.34708404541016,2.0181267261505127,315.7177734375
65.04978,1.9146843,334.06033,11302.257,81.93582,20.298403,5945.607,34.076664,53.13418,53.12505,2021-12-09 01:00:00,0.009129999999998972,31.91517448425293,14.45406436920166,81.61213684082031,11634.9033203125,5613.51171875,67.10914611816406,2.086754322052002,312.1584777832031
65.03133,1.9117568,326.48013,11447.607,82.21175,20.53832,5974.949,34.126724,53.234814,53.21286666666666,2021-12-08 18:00:00,0.02194733333333687,31.930465698242188,14.560382843017578,81.75436401367188,11638.0,5615.3603515625,66.9324951171875,2.091578722000122,313.2398986816406
64.981316,1.9499466,321.54532,11407.258,82.36758,20.168205,5981.285,34.13886,53.410976,53.41291666666667,2022-04-29 10:00:00,0.0019406666666696992,32.5357666015625,18.8627986907959,82.85281372070312,11555.791015625,5803.43701171875,65.5493392944336,2.0322742462158203,313.6856994628906
64.97681,1.8894722,323.00912,11493.897,82.71485,20.701427,6001.9873,34.058037,53.432896,53.41898333333333,2021-12-08 17:00:00,0.013912666666669793,31.939481735229492,14.667377471923828,81.72838592529297,11644.318359375,5643.1181640625,66.89109802246094,2.0912489891052246,314.9769592285156
65.24171,1.9355259,320.42035,11147.739,82.54323,20.381636,5926.8613,33.85367,53.2369,53.21286666666666,2021-12-08 18:00:00,0.02403333333333535,31.930465698242188,14.560382843017578,81.75436401367188,11638.0,5615.3603515625,66.9324951171875,2.091578722000122,313.2398986816406
64.64056,2.0279,319.81055,11214.815,82.391815,20.480883,5950.0312,34.03914,53.375782,53.37095,2021-12-11 21:00:00,0.0048320000000003915,32.14082717895508,15.210384368896484,82.39122009277344,11586.7470703125,5669.9775390625,66.75918579101562,2.02724552154541,318.6431884765625
64.93249,1.9268267,323.37943,11300.357,81.94643,20.19958,5968.771,34.03901,53.153313,53.14816666666667,2021-12-12 03:00:00,0.005146333333328812,32.22113037109375,15.518129348754883,82.33380126953125,11536.97265625,5701.96044921875,66.68441772460938,2.0232017040252686,319.2645568847656
64.86138,1.8781172,327.06888,11362.301,81.54118,20.631174,5979.8477,34.198307,53.74091,53.71683333333333,2022-05-03 15:00:00,0.024076666666672963,32.47596740722656,20.803041458129883,82.49213409423828,11570.80859375,5785.9345703125,67.04569244384766,2.007166624069214,324.9573669433594
64.90064,1.869203,324.94147,11257.024,82.026054,20.319963,5906.777,34.07326,52.967808,52.95875,2021-12-12 08:00:00,0.009057999999996014,32.19169616699219,15.274470329284668,82.08405303955078,11555.517578125,5700.08984375,66.65113830566406,2.019526720046997,316.8539123535156
64.82575,1.9144207,322.95322,11152.809,82.39787,20.33497,6024.1323,34.127388,53.647404,53.65248333333333,2022-05-06 18:00:00,0.00507933333332744,32.27647399902344,20.219650268554688,82.71739959716797,11630.380859375,5835.9599609375,64.97898864746094,1.9754509925842285,329.7247009277344
64.543045,1.8789889,321.38425,11275.806,82.149864,20.727528,6062.533,34.17347,53.018105,53.025083333333335,2021-12-09 05:00:00,0.006978333333336195,31.976411819458008,14.531575202941895,81.17453002929688,11588.2900390625,5656.60107421875,66.96321868896484,2.074775457382202,310.31982421875
64.861534,1.9827096,324.90012,11301.709,81.59464,20.289165,5988.959,34.07031,53.10652,53.10926666666666,2021-12-10 08:00:00,0.0027466666666597916,32.028160095214844,14.578461647033691,81.16903686523438,11563.138671875,5668.13427734375,66.76753997802734,2.055278778076172,310.66290283203125
64.7622,1.9369644,326.07227,11394.752,81.746254,20.617891,6053.0522,34.06593,53.519722,53.51925,2022-05-03 12:00:00,0.00047200000000202635,32.53839111328125,20.886268615722656,82.80065155029297,11565.2080078125,5753.4482421875,67.00020599365234,1.9694252014160156,325.6741027832031
64.78391,1.9435289,321.83246,11316.256,82.25411,20.589314,5989.3193,34.024776,53.014446,53.00533333333333,2022-05-06 13:00:00,0.009112666666666769,33.88152313232422,30.531856536865234,82.43229675292969,11206.7001953125,6197.919921875,60.808040618896484,1.6519229412078857,309.1264953613281
64.73786,1.8891788,324.3327,11121.739,81.849686,20.398026,6043.7637,33.99467,53.523083,53.51925,2022-05-03 12:00:00,0.0038330000000001974,32.53839111328125,20.886268615722656,82.80065155029297,11565.2080078125,5753.4482421875,67.00020599365234,1.9694252014160156,325.6741027832031
64.904144,1.8739727,320.02676,11045.3,82.763435,20.662859,6091.8555,34.194927,53.17046,53.1875,2021-12-10 04:00:00,0.0170400000000015,31.98760414123535,14.540212631225586,81.19635772705078,11584.193359375,5679.57080078125,67.0317153930664,2.071544647216797,312.2032775878906
65.08046,1.8762047,326.40067,11234.288,81.97886,20.391865,6057.4434,34.147957,52.97117,52.95875,2021-12-12 08:00:00,0.012419999999998765,32.19169616699219,15.274470329284668,82.08405303955078,11555.517578125,5700.08984375,66.65113830566406,2.019526720046997,316.8539123535156
64.25122,1.8883061,327.9167,11136.855,81.86642,20.354853,6087.36,34.057495,52.981808,52.99241666666666,2021-12-09 14:00:00,0.010608666666655608,31.976123809814453,14.513870239257812,81.4189453125,11621.322265625,5627.39599609375,66.66831970214844,2.07418155670166,310.69207763671875
64.55019,1.8948194,329.53687,11002.432,82.43795,20.539576,6140.3193,34.329998,52.87304,52.8725,2021-12-10 16:00:00,0.0005400000000008731,32.033145904541016,14.376312255859375,81.23332214355469,11598.0400390625,5653.615234375,66.58114624023438,2.0639681816101074,311.37799072265625
64.745056,1.9636141,320.93283,11138.671,82.21283,20.771664,6194.9585,34.12246,53.04449,53.05018333333334,2022-04-29 17:00:00,0.005693333333333328,32.62327194213867,19.21417236328125,82.66187286376953,11533.4580078125,5836.982421875,65.27544403076172,2.0065436363220215,315.127197265625
64.01066,1.8900534,320.02432,11281.626,81.41638,20.403673,6117.956,34.01895,53.087547,53.08213333333333,2021-12-09 10:00:00,0.0054136666666693145,31.979053497314453,14.849363327026367,81.08267974853516,11563.861328125,5705.18603515625,67.07669067382812,2.075352668762207,311.4143371582031
64.0421,1.9123532,323.89908,10963.894,81.439674,20.454258,6068.7153,34.37002,53.033802,53.025083333333335,2021-12-09 05:00:00,0.008718666666666763,31.976411819458008,14.531575202941895,81.17453002929688,11588.2900390625,5656.60107421875,66.96321868896484,2.074775457382202,310.31982421875
64.09194,1.8733221,324.10324,11444.588,81.351204,20.940746,6137.036,34.62431,52.884388,52.88926666666666,2021-12-10 19:00:00,0.004878666666655818,32.05690002441406,14.391950607299805,81.28327941894531,11601.435546875,5657.23828125,66.4898910522461,2.0529377460479736,311.88763427734375
64.792946,1.8491114,319.50537,11160.552,82.24742,20.373991,6238.873,34.468243,52.83804,52.85116666666666,2021-12-10 02:00:00,0.013126666666657627,32.09004211425781,14.723278045654297,81.05543518066406,11553.029296875,5723.58251953125,66.5792007446289,2.0429744720458984,312.4873046875
64.04713,1.8522147,323.38828,11375.559,81.30604,20.46801,6124.6997,34.524914,52.77045,52.76266666666667,2021-12-12 05:00:00,0.007783333333328812,32.235107421875,15.3101167678833,81.47053527832031,11525.9365234375,5740.36376953125,66.30378723144531,2.008390188217163,315.7605285644531
64.75406,1.9055897,326.4892,11134.669,81.327934,20.41288,6170.6436,34.373272,52.67293,52.66583333333333,2021-12-10 14:00:00,0.0070966666666691935,32.16055679321289,14.723149299621582,81.04496765136719,11544.716796875,5700.6357421875,66.17916107177734,2.025137424468994,311.6088562011719
63.32792,1.9399608,322.77023,11233.921,81.6888,20.299204,6130.1616,34.30301,51.963272,51.84571666666667,2021-12-11 04:00:00,0.11755533333333545,32.2483024597168,14.852094650268555,80.7845230102539,11493.4609375,5767.43310546875,65.88935089111328,2.0130622386932373,311.5888977050781
63.943817,1.8695638,322.36612,11464.0,81.7213,20.679966,6184.6177,34.033295,52.94617,52.936057142857145,2021-12-08 20:00:00,0.010112857142857479,31.94545555114746,14.57911491394043,81.45074462890625,11609.439453125,5632.501953125,66.99407196044922,2.079941511154175,311.4927673339844
64.802,1.8575246,321.50464,11201.928,81.24181,20.743261,6104.0127,34.72548,52.84721,52.85116666666666,2021-12-10 02:00:00,0.003956666666660169,32.09004211425781,14.723278045654297,81.05543518066406,11553.029296875,5723.58251953125,66.5792007446289,2.0429744720458984,312.4873046875
64.46068,1.8699232,321.48367,11258.537,81.68924,20.382364,6240.6855,34.127586,52.3355,52.333,2021-12-09 18:00:00,0.0025000000000048317,32.10977554321289,14.731663703918457,80.78491973876953,11502.2373046875,5745.302734375,66.50334167480469,2.041658878326416,309.82177734375
64.96853,1.9368806,316.15842,11322.539,81.40447,20.928986,6172.048,34.613552,53.040524,53.05018333333334,2022-04-29 17:00:00,0.009659333333338793,32.62327194213867,19.214174270629883,82.66187286376953,11533.4580078125,5836.982421875,65.27544403076172,2.0065436363220215,315.127197265625
64.46982,1.8465031,322.1623,11615.894,81.45003,20.789026,6208.1846,34.511463,53.01412,53.00533333333333,2022-05-06 13:00:00,0.00878666666666561,33.88152313232422,30.531856536865234,82.43229675292969,11206.7001953125,6197.919921875,60.808040618896484,1.6519229412078857,309.1264953613281
63.609425,1.8902364,321.25864,11129.187,81.24233,20.535807,6171.985,34.649376,52.5861,52.586000000000006,2021-12-09 19:00:00,9.999999999621423e-05,32.04729080200195,14.480157852172852,80.94214630126953,11547.015625,5710.78564453125,66.7893295288086,2.053515672683716,310.4715576171875
63.907948,1.8454801,327.11935,11321.1455,81.628105,20.612032,6269.6904,34.807816,52.941833,52.936057142857145,2021-12-08 20:00:00,0.0057758571428578875,31.94545555114746,14.57911491394043,81.45074462890625,11609.439453125,5632.501953125,66.99407196044922,2.079941511154175,311.4927673339844
64.05265,1.8451408,320.15985,11015.835,82.48426,20.399529,6210.26,34.65244,52.709465,52.703,2021-12-09 07:00:00,0.006464999999998611,31.996057510375977,14.467118263244629,81.11363220214844,11584.0068359375,5650.9541015625,66.733642578125,2.0660758018493652,309.8409729003906
64.31469,1.8433034,321.79666,11514.597,81.20218,20.891308,6153.414,34.894974,52.805634,52.80065,2022-04-29 15:00:00,0.0049840000000003215,32.760135650634766,19.812925338745117,82.44969177246094,11498.744140625,5874.64892578125,64.91426086425781,1.9733542203903198,316.88983154296875
63.9684,1.8406583,320.6817,11290.396,81.396324,20.944025,6225.0903,34.79098,52.867558,52.8725,2021-12-10 16:00:00,0.00494199999999978,32.033145904541016,14.376312255859375,81.23332214355469,11598.0400390625,5653.615234375,66.58114624023438,2.0639681816101074,311.37799072265625
64.416275,1.8552579,318.74545,11297.083,81.18231,20.454239,6257.9697,34.787045,52.93388,52.936057142857145,2021-12-08 20:00:00,0.0021771428571426554,31.94545555114746,14.57911491394043,81.45074462890625,11609.439453125,5632.501953125,66.99407196044922,2.079941511154175,311.4927673339844
64.95934,1.8678195,324.12897,11290.485,81.385345,20.750381,6178.266,34.6581,52.80699,52.80065,2022-04-29 15:00:00,0.006340000000001567,32.760135650634766,19.812925338745117,82.44969177246094,11498.744140625,5874.64892578125,64.91426086425781,1.9733542203903198,316.88983154296875
64.95458,1.9249359,322.98407,11244.322,81.27803,20.89016,6129.172,34.898697,52.723885,52.726200000000006,2021-12-10 22:00:00,0.0023150000000029536,32.15116500854492,15.040997505187988,80.9198989868164,11516.103515625,5780.81591796875,66.34314727783203,2.0328731536865234,313.7510070800781
64.33462,1.846696,316.7683,10722.74,81.49963,20.925524,6270.0596,34.84774,52.07315,52.09933333333333,2021-12-09 21:00:00,0.026183333333328562,32.1546745300293,14.82177734375,80.46721649169922,11462.96484375,5812.783203125,66.30712890625,2.0296807289123535,311.4342041015625
63.69696,1.8462708,324.61765,11017.449,81.541176,20.874372,6144.2495,34.978844,52.781902,52.78848333333334,2021-12-10 10:00:00,0.006581333333336659,32.007957458496094,14.623635292053223,81.01661682128906,11553.4482421875,5699.52685546875,66.9874267578125,2.0638229846954346,312.0824279785156
63.926533,1.8381371,320.54358,11036.267,81.382965,20.851065,6133.0405,34.99012,52.72203,52.7205,2021-12-10 05:00:00,0.0015299999999953684,32.03485870361328,14.458260536193848,81.04081726074219,11558.8056640625,5684.48193359375,66.75755310058594,2.0573348999023438,310.4773254394531
64.95348,1.8384598,329.36047,11264.113,81.78072,20.871666,6249.6865,34.52697,52.354782,52.355,2021-12-09 00:00:00,0.00021799999999672082,32.001895904541016,14.59656810760498,81.14645385742188,11580.431640625,5685.19580078125,66.883056640625,2.0672831535339355,311.91058349609375
65.3262,1.8303499,317.53674,11057.074,81.070305,20.66786,6297.7207,34.81899,52.260605,52.26538333333334,2021-12-11 07:00:00,0.0047783333333413225,32.17407989501953,14.683258056640625,80.89861297607422,11522.388671875,5720.833984375,66.14827728271484,2.0228378772735596,311.04339599609375
64.833786,1.842762,320.6215,10788.638,81.37626,20.856699,6344.8223,35.173977,52.10535,52.09933333333333,2021-12-09 21:00:00,0.006016666666674553,32.1546745300293,14.82177734375,80.46721649169922,11462.96484375,5812.783203125,66.30712890625,2.0296807289123535,311.4342041015625
64.34155,1.7693129,320.40787,10937.381,81.30272,21.02519,6340.284,34.980415,52.18525,52.187783333333336,2021-12-10 03:00:00,0.002533333333332166,32.167049407958984,14.916033744812012,80.93058776855469,11497.1943359375,5751.93603515625,66.4210433959961,2.0255255699157715,311.9026184082031
63.72458,1.8387083,325.82373,10844.68,81.258484,21.020884,6276.7617,34.908848,52.199986,52.187783333333336,2021-12-10 03:00:00,0.012202666666667028,32.167049407958984,14.916033744812012,80.93058776855469,11497.1943359375,5751.93603515625,66.4210433959961,2.0255255699157715,311.9026184082031
63.784904,1.7971294,324.8253,10787.97,81.52513,20.758738,6399.7393,35.372982,51.81426,51.82321666666667,2022-05-06 11:00:00,0.008956666666669832,34.940895080566406,30.009849548339844,81.32258605957031,11004.681640625,6379.67822265625,60.54068374633789,1.6062557697296143,310.3760986328125
64.750565,1.8476815,320.15897,10877.206,81.05083,20.678785,6261.521,34.84561,51.97657,52.09933333333333,2021-12-09 21:00:00,0.12276333333332445,32.1546745300293,14.82177734375,80.46721649169922,11462.96484375,5812.783203125,66.30712890625,2.0296807289123535,311.4342041015625
63.883488,1.8591703,316.68903,11260.188,81.14468,20.760458,6374.862,35.052372,51.81364,51.82321666666667,2022-05-06 11:00:00,0.009576666666667677,34.940895080566406,30.009849548339844,81.32258605957031,11004.681640625,6379.67822265625,60.54068374633789,1.6062557697296143,310.3760986328125
63.765522,1.6986281,323.44748,10995.082,81.37761,20.987083,6307.337,35.454414,51.890335,51.84571666666667,2021-12-11 04:00:00,0.044618333333332316,32.2483024597168,14.852094650268555,80.7845230102539,11493.4609375,5767.43310546875,65.88935089111328,2.0130622386932373,311.5888671875
64.79042,1.8406686,320.60733,11153.346,81.45579,20.876171,6345.937,34.931618,52.353928,52.35391666666666,2021-12-08 22:00:00,1.1333333340246554e-05,32.08433532714844,14.646148681640625,80.98178100585938,11551.078125,5686.126953125,66.22030639648438,2.051413059234619,308.23089599609375
65.0029,1.8603722,324.08035,11332.611,80.95724,20.738245,6363.0264,35.238758,51.4535,51.57633333333333,2021-12-11 03:00:00,0.12283333333333246,32.383323669433594,15.34148120880127,80.54634094238281,11441.3447265625,5840.994140625,65.4750747680664,1.9885523319244385,313.8249816894531
63.92955,1.7588122,321.4882,10871.745,80.91129,20.5157,6328.3403,35.48419,51.341633,51.25066666666667,2021-12-11 09:00:00,0.09096633333333415,32.149967193603516,15.131165504455566,81.09812927246094,11492.3134765625,5776.13427734375,66.59825897216797,2.0242230892181396,315.8409423828125
65.1174,1.805562,316.51025,11187.067,80.93336,20.707315,6351.616,34.952824,51.43421,51.57633333333333,2021-12-11 03:00:00,0.1421233333333305,32.383323669433594,15.34148120880127,80.54634094238281,11441.3447265625,5840.994140625,65.4750747680664,1.9885523319244385,313.8249816894531
64.27555,1.8417425,319.1189,11470.58,81.51653,20.816885,6363.767,35.770782,51.227722,51.25066666666667,2021-12-11 09:00:00,0.0229446666666675,32.149967193603516,15.131165504455566,81.09812927246094,11492.3134765625,5776.13427734375,66.59825897216797,2.0242230892181396,315.8409423828125
63.90729,1.8030384,314.93314,11071.129,80.90241,20.927969,6426.944,35.779896,52.28629,52.29866666666667,2021-12-09 13:00:00,0.012376666666668257,32.06625747680664,15.055814743041992,80.8495101928711,11532.41796875,5753.60302734375,66.49488830566406,2.049614429473877,312.1085205078125
64.627846,1.809842,323.83075,11062.231,81.04772,20.437918,6398.3257,35.216713,51.70854,51.77163333333333,2021-12-11 06:00:00,0.06309333333332745,32.38654708862305,15.224496841430664,80.63908386230469,11437.015625,5809.96240234375,65.66084289550781,1.9823695421218872,311.5307922363281
64.33144,1.6799182,321.99515,10976.667,81.0304,20.894072,6488.331,34.857788,51.761833,51.77163333333333,2021-12-11 06:00:00,0.009800333333323863,32.38654708862305,15.224496841430664,80.63908386230469,11437.015625,5809.96240234375,65.66084289550781,1.9823695421218872,311.5307922363281
63.71468,1.7666807,316.45786,11330.294,80.77963,20.736443,6480.885,34.824745,51.5422,51.57633333333333,2021-12-11 03:00:00,0.034133333333329574,32.383323669433594,15.34148120880127,80.54634094238281,11441.3447265625,5840.994140625,65.4750747680664,1.9885523319244385,313.8249816894531
64.28052,1.6543059,320.94498,11074.287,80.96719,20.920973,6465.1914,35.740486,50.953136,50.91153333333333,2022-05-06 14:00:00,0.04160266666666956,34.925716400146484,29.16868019104004,81.1469955444336,10980.1875,6317.34033203125,60.38313293457031,1.60613214969635,305.9960632324219
64.1917,1.8393084,329.15082,11375.596,80.98206,20.833092,6382.767,35.93563,51.418926,51.57633333333333,2021-12-11 03:00:00,0.15740733333333168,32.383323669433594,15.34148120880127,80.54634094238281,11441.3447265625,5840.994140625,65.4750747680664,1.9885523319244385,313.8249816894531
63.749104,1.8351876,321.5173,11193.602,80.91614,20.979565,6392.498,35.95849,51.3616,51.25066666666667,2021-12-11 09:00:00,0.11093333333333533,32.149967193603516,15.131165504455566,81.09812927246094,11492.3134765625,5776.13427734375,66.59825897216797,2.0242230892181396,315.8409423828125
65.12961,1.7790874,317.52158,11112.918,80.976616,20.854765,6428.1826,35.88521,51.147137,51.25066666666667,2021-12-11 09:00:00,0.10352966666666674,32.149967193603516,15.131165504455566,81.09812927246094,11492.3134765625,5776.13427734375,66.59825897216797,2.0242230892181396,315.8409423828125
64.581154,1.79066,316.97903,11145.704,80.98804,20.722605,6354.589,35.42928,51.521397,51.57633333333333,2021-12-11 03:00:00,0.05493633333333037,32.383323669433594,15.34148120880127,80.54634094238281,11441.3447265625,5840.994140625,65.4750747680664,1.9885523319244385,313.8249816894531
63.871784,1.7143594,322.65558,10941.615,80.8617,20.986073,6349.421,35.844173,50.98721,50.91153333333333,2022-05-06 14:00:00,0.07567666666666639,34.925716400146484,29.16868019104004,81.1469955444336,10980.1875,6317.34033203125,60.38313293457031,1.60613214969635,305.9960632324219
62.963295,1.7741548,322.4552,11120.569,80.96269,20.75855,6486.888,36.091213,51.12469,51.25066666666667,2021-12-11 09:00:00,0.1259766666666664,32.149967193603516,15.131165504455566,81.09812927246094,11492.3134765625,5776.13427734375,66.59825897216797,2.0242230892181396,315.8409423828125
64.20956,1.8276359,313.9699,10867.545,80.75703,20.920454,6434.912,36.237175,49.74854,49.84678333333333,2022-05-03 04:00:00,0.09824333333332902,33.64207458496094,21.65734100341797,79.59812927246094,11200.373046875,6148.6904296875,61.19272232055664,1.7943036556243896,312.08074951171875
64.285324,1.7991208,326.30765,11060.791,80.82814,20.904556,6460.5947,35.694252,51.45369,51.57633333333333,2021-12-11 03:00:00,0.122643333333329,32.383323669433594,15.34148120880127,80.54634094238281,11441.3447265625,5840.994140625,65.4750747680664,1.9885523319244385,313.8249816894531
64.218994,1.7657182,325.33618,11033.712,80.81384,21.033264,6330.118,35.89789,51.008255,50.91153333333333,2022-05-06 14:00:00,0.09672166666666726,34.925716400146484,29.16868019104004,81.1469955444336,10980.1875,6317.34033203125,60.38313293457031,1.60613214969635,305.9960632324219
63.932926,1.8145137,326.4045,11125.63,80.45621,21.01774,6507.5654,36.10707,49.174374,48.90491666666667,2022-04-28 23:00:00,0.2694573333333281,33.544002532958984,21.0457706451416,79.9920425415039,11204.1845703125,6105.0400390625,60.75523376464844,1.8381129503250122,304.909912109375
63.752926,1.7495112,317.6899,10701.157,80.8259,20.816319,6409.898,36.071087,50.551205,50.63661666666667,2022-04-23 22:00:00,0.08541166666666555,33.82997512817383,20.085739135742188,81.13239288330078,11292.6318359375,6104.28662109375,62.397544860839844,1.9126982688903809,304.6575927734375
64.00708,1.739115,320.36798,10631.672,80.78285,21.01815,6465.45,36.0656,49.796112,49.84678333333333,2022-05-03 04:00:00,0.05067133333332663,33.64207458496094,21.65734100341797,79.59812927246094,11200.373046875,6148.6904296875,61.19272232055664,1.7943036556243896,312.08074951171875
63.877327,1.7805964,319.9223,10932.682,80.88185,21.119135,6406.729,36.13105,50.248795,49.97251666666667,2022-04-20 06:00:00,0.2762783333333303,33.30134963989258,18.048030853271484,80.82063293457031,11260.87890625,6034.54541015625,63.44279098510742,1.9057233333587646,302.4145812988281
65.1335,1.7976456,325.66586,10681.942,80.680214,21.017164,6549.9253,36.001526,50.198006,49.97251666666667,2022-04-20 06:00:00,0.22548933333332855,33.30134963989258,18.048030853271484,80.82063293457031,11260.87890625,6034.54541015625,63.44279098510742,1.9057233333587646,302.4145812988281
65.06659,1.6606034,313.8733,10898.172,80.75159,20.730673,6580.0347,36.463,50.636093,50.63661666666667,2022-04-23 22:00:00,0.0005236666666661449,33.82997512817383,20.085739135742188,81.13239288330078,11292.6318359375,6104.28662109375,62.397544860839844,1.9126982688903809,304.6575927734375
64.67299,1.8056127,326.1393,10731.222,80.71904,20.990028,6562.7744,36.006462,49.446747,49.479283333333335,2022-04-28 21:00:00,0.032536333333332834,33.385406494140625,20.81930160522461,80.07273864746094,11197.146484375,6109.33154296875,61.31575393676758,1.8414376974105835,302.1851501464844
63.747925,1.7393812,324.29858,10849.076,80.54876,21.053198,6633.185,36.365208,50.08252,49.97251666666667,2022-04-20 06:00:00,0.11000333333333145,33.30134963989258,18.048030853271484,80.82063293457031,11260.87890625,6034.54541015625,63.44279098510742,1.9057233333587646,302.4145812988281
64.12633,1.778112,325.84406,10635.104,80.76017,20.961327,6428.3623,36.45478,50.75604,50.63661666666667,2022-04-23 22:00:00,0.1194233333333301,33.82997512817383,20.085739135742188,81.13239288330078,11292.6318359375,6104.28662109375,62.397544860839844,1.9126982688903809,304.6575927734375
63.698822,1.7891147,316.72427,10681.514,80.32218,20.991081,6503.2754,36.83294,49.300056,49.479283333333335,2022-04-28 21:00:00,0.17922733333333696,33.385406494140625,20.81930160522461,80.07273864746094,11197.146484375,6109.33154296875,61.31575393676758,1.8414376974105835,302.1851501464844
64.26088,1.6752892,323.24518,10631.778,80.498184,21.03491,6622.048,36.38005,50.430157,50.63661666666667,2022-04-23 22:00:00,0.20645966666666737,33.82997512817383,20.085739135742188,81.13239288330078,11292.6318359375,6104.28662109375,62.397544860839844,1.9126982688903809,304.6575927734375
63.680103,1.6659421,326.25232,10797.336,80.372475,20.973675,6442.1387,36.10431,48.75573,48.78366666666667,2021-11-30 18:00:00,0.02793666666666894,35.95677185058594,20.670228958129883,78.99786376953125,10885.2744140625,6557.62646484375,59.96217727661133,1.6352214813232422,311.5025634765625
63.24245,1.8066235,317.8471,10683.232,80.68533,20.61266,6506.922,36.528946,50.237103,49.97251666666667,2022-04-20 06:00:00,0.2645863333333267,33.30134963989258,18.048030853271484,80.82063293457031,11260.87890625,6034.544921875,63.44279098510742,1.9057233333587646,302.4145812988281
65.052895,1.761263,323.9824,10637.07,80.72222,20.944792,6588.778,36.186035,49.87798,49.84678333333333,2022-05-03 04:00:00,0.031196666666673423,33.6420783996582,21.65734100341797,79.59812927246094,11200.373046875,6148.6904296875,61.192718505859375,1.7943036556243896,312.08074951171875
63.423157,1.6771599,324.3222,10637.253,80.373795,21.072348,6536.956,36.00336,48.763844,48.78366666666667,2021-11-30 18:00:00,0.019822666666669875,35.95677185058594,20.670228958129883,78.99786376953125,10885.2744140625,6557.62646484375,59.96217727661133,1.6352214813232422,311.5025634765625
62.137886,1.6718463,323.5995,10596.987,80.64857,20.568016,6540.8403,36.05514,48.461456,48.46171666666667,2022-04-28 22:00:00,0.00026066666666935134,33.611167907714844,21.021970748901367,79.88259887695312,11173.27734375,6140.19775390625,60.57958984375,1.7922168970108032,306.0582580566406
63.946915,1.7084565,321.53473,10618.102,80.186295,20.7695,6332.3765,36.294292,49.273163,49.479283333333335,2022-04-28 21:00:00,0.20612033333333812,33.385406494140625,20.81930160522461,80.07273864746094,11197.146484375,6109.33154296875,61.31575393676758,1.8414376974105835,302.1851501464844
64.15921,1.7631886,325.14163,10620.13,80.36831,20.812654,6515.3364,36.686028,50.68367,50.63661666666667,2022-04-23 22:00:00,0.04705333333333073,33.82997512817383,20.085739135742188,81.13239288330078,11292.6318359375,6104.28662109375,62.397544860839844,1.9126982688903809,304.6575927734375
64.105194,1.8190925,323.92047,10656.981,80.621666,20.739677,6623.5483,36.130337,49.873615,49.84678333333333,2022-05-03 04:00:00,0.02683166666667347,33.64207458496094,21.65734100341797,79.59812927246094,11200.373046875,6148.6904296875,61.19272232055664,1.7943036556243896,312.08074951171875
64.30763,1.6829071,320.44717,10635.52,80.5066,20.62945,6630.2095,36.390923,49.105152,48.90491666666667,2022-04-28 23:00:00,0.20023533333332466,33.544002532958984,21.0457706451416,79.9920425415039,11204.1845703125,6105.0400390625,60.75523376464844,1.8381129503250122,304.909912109375
64.60949,1.7731402,324.87662,10755.417,80.6047,21.127886,6544.8784,35.928658,50.181488,49.97251666666667,2022-04-20 06:00:00,0.20897133333333073,33.30134963989258,18.048030853271484,80.82063293457031,11260.87890625,6034.54541015625,63.44279098510742,1.9057233333587646,302.4145812988281
62.85447,1.7417887,322.78903,10627.237,80.49799,20.84222,6346.108,36.031025,49.936317,49.97251666666667,2022-04-20 06:00:00,0.036199666666668406,33.30134963989258,18.048030853271484,80.82063293457031,11260.87890625,6034.54541015625,63.44279098510742,1.9057233333587646,302.4145812988281
64.04454,1.6883733,322.63535,10634.209,80.385994,20.992159,6511.151,35.983624,50.015614,49.97251666666667,2022-04-20 06:00:00,0.043097333333328436,33.30134963989258,18.048030853271484,80.82063293457031,11260.87890625,6034.54541015625,63.44279098510742,1.9057233333587646,302.4145812988281
64.93406,1.7625396,324.09164,10622.589,80.36651,21.017727,6572.7554,35.87255,50.105824,49.97251666666667,2022-04-20 06:00:00,0.13330733333332745,33.30134963989258,18.048030853271484,80.82063293457031,11260.87890625,6034.54541015625,63.44279098510742,1.9057233333587646,302.4145812988281
63.11365,1.8063846,316.49957,10795.786,80.28049,20.911228,6582.477,36.27158,49.48169,49.479283333333335,2022-04-28 21:00:00,0.002406666666665558,33.385406494140625,20.81930160522461,80.07273864746094,11197.146484375,6109.33154296875,61.31575393676758,1.8414376974105835,302.1851501464844
63.616245,1.7013268,325.2901,10629.967,80.353615,20.870617,6388.537,36.20829,50.30519,50.63661666666667,2022-04-23 22:00:00,0.3314266666666654,33.82997512817383,20.085739135742188,81.13239288330078,11292.6318359375,6104.28662109375,62.397544860839844,1.9126982688903809,304.6575927734375
64.45263,1.7788332,324.25674,10636.618,80.18651,20.973629,6559.57,36.380253,48.233494,48.169900000000005,2022-04-28 16:00:00,0.06359399999999482,39.53390884399414,29.981298446655273,79.41368103027344,10441.5126953125,7068.6494140625,58.41835021972656,1.318152904510498,305.8345947265625
63.926064,1.7748288,326.1222,10774.313,80.37597,20.944714,6574.5312,36.243,49.634644,49.479283333333335,2022-04-28 21:00:00,0.1553606666666667,33.385406494140625,20.81930160522461,80.07273864746094,11197.146484375,6109.33154296875,61.31575393676758,1.8414376974105835,302.1851501464844
64.0369,1.8004559,310.46585,10756.025,80.5712,20.754166,6435.8267,36.553207,49.561985,49.479283333333335,2022-04-28 21:00:00,0.08270166666666512,33.385406494140625,20.81930160522461,80.07273864746094,11197.146484375,6109.33154296875,61.31575393676758,1.8414376974105835,302.1851501464844
64.48916,1.7497205,323.44653,10743.504,80.47272,20.86777,6359.325,35.783497,50.815624,50.91153333333333,2022-05-06 14:00:00,0.0959093333333314,34.925716400146484,29.16868019104004,81.1469955444336,10980.1875,6317.34033203125,60.38313293457031,1.60613214969635,305.9960632324219
63.832127,1.790747,321.32828,10621.592,80.228134,21.04603,6555.6035,36.61312,49.96743,49.97251666666667,2022-04-20 06:00:00,0.005086666666670681,33.30134963989258,18.048030853271484,80.82063293457031,11260.87890625,6034.54541015625,63.44279098510742,1.9057233333587646,302.4145812988281
64.78234,1.7725632,317.91745,10644.029,80.484436,21.003689,6414.5327,36.210518,48.336914,48.3521,2022-04-28 20:00:00,0.015185999999999922,33.62143325805664,20.91212272644043,79.77180480957031,11126.41796875,6178.82080078125,60.887847900390625,1.8154151439666748,301.3862609863281
64.52599,1.7800727,321.64777,10722.464,80.33328,20.77999,6558.4116,36.5464,50.711235,50.63661666666667,2022-04-23 22:00:00,0.07461833333333345,33.82997512817383,20.085739135742188,81.13239288330078,11292.6318359375,6104.28662109375,62.397544860839844,1.9126982688903809,304.6575927734375
64.31896,1.7231238,323.29462,10617.588,80.49382,20.72439,6572.6777,35.995182,49.638725,49.479283333333335,2022-04-28 21:00:00,0.15944166666666604,33.385406494140625,20.81930160522461,80.07273864746094,11197.146484375,6109.33154296875,61.31575393676758,1.8414376974105835,302.1851501464844
63.557854,1.7445108,318.87106,10805.365,80.560394,20.931654,6601.5435,36.507847,50.328255,50.63661666666667,2022-04-23 22:00:00,0.30836166666667,33.82997512817383,20.085739135742188,81.13239288330078,11292.6318359375,6104.28662109375,62.397544860839844,1.9126982688903809,304.6575927734375
63.904037,1.7829652,323.6468,10810.367,80.28116,20.92665,6509.477,36.51062,50.275223,49.97251666666667,2022-04-20 06:00:00,0.30270633333332597,33.30134963989258,18.048030853271484,80.82063293457031,11260.87890625,6034.54541015625,63.44279098510742,1.9057233333587646,302.4145812988281
63.482494,1.7194211,310.3382,10617.852,80.17873,21.036715,6531.9565,36.45357,48.977295,48.90491666666667,2022-04-28 23:00:00,0.07237833333332588,33.544002532958984,21.0457706451416,79.9920425415039,11204.1845703125,6105.0400390625,60.75523376464844,1.8381129503250122,304.909912109375
63.561665,1.7460598,319.43582,10620.858,80.255745,20.87161,6559.044,35.798923,50.612617,50.63661666666667,2022-04-23 22:00:00,0.023999666666668418,33.82997512817383,20.085739135742188,81.13239288330078,11292.6318359375,6104.28662109375,62.397544860839844,1.9126982688903809,304.6575927734375
64.87194,1.7014964,322.48758,10639.858,80.16161,21.085688,6462.798,36.25526,49.289467,49.479283333333335,2022-04-28 21:00:00,0.18981633333333292,33.385406494140625,20.81930160522461,80.07273864746094,11197.146484375,6109.33154296875,61.31575393676758,1.8414376974105835,302.1851501464844
65.001785,1.7882478,319.24237,10686.248,80.42017,21.005949,6308.9126,35.58827,50.276768,49.97251666666667,2022-04-20 06:00:00,0.3042513333333261,33.30134963989258,18.048030853271484,80.82063293457031,11260.87890625,6034.54541015625,63.44279098510742,1.9057233333587646,302.4145812988281
64.787384,1.803679,323.056,10683.143,80.221146,20.78432,6604.5796,36.56932,49.90684,49.84678333333333,2022-05-03 04:00:00,0.060056666666675085,33.64207458496094,21.65734100341797,79.59812927246094,11200.373046875,6148.6904296875,61.19272232055664,1.7943036556243896,312.08074951171875
64.32349,1.6098115,323.95502,10619.614,80.430756,20.91966,6431.4507,36.54202,49.512955,49.479283333333335,2022-04-28 21:00:00,0.033671666666663214,33.385406494140625,20.81930160522461,80.07273864746094,11197.146484375,6109.33154296875,61.31575393676758,1.8414376974105835,302.1851501464844
63.394203,1.7825606,319.60587,10774.318,80.04355,20.596037,6472.307,36.460518,50.39187,50.63661666666667,2022-04-23 22:00:00,0.24474666666667133,33.82997512817383,20.085739135742188,81.13239288330078,11292.6318359375,6104.28662109375,62.397544860839844,1.9126982688903809,304.6575927734375
64.741776,1.7503681,322.12915,10628.381,80.53721,20.97846,6571.787,36.02526,50.21973,49.97251666666667,2022-04-20 06:00:00,0.2472133333333275,33.30134963989258,18.048030853271484,80.82063293457031,11260.87890625,6034.54541015625,63.44279098510742,1.9057233333587646,302.4145812988281
63.55395,1.7651778,323.65402,10784.589,80.62417,20.62441,6496.691,35.64673,48.92115,48.90491666666667,2022-04-28 23:00:00,0.016233333333325106,33.544002532958984,21.04576873779297,79.9920425415039,11204.1845703125,6105.0400390625,60.75523376464844,1.8381129503250122,304.909912109375
63.842777,1.6887891,317.70575,10717.137,80.42599,20.922089,6562.2046,36.367805,50.212288,49.97251666666667,2022-04-20 06:00:00,0.23977133333333,33.30134963989258,18.048030853271484,80.82063293457031,11260.87890625,6034.544921875,63.44279098510742,1.9057233333587646,302.4145812988281
62.538498,1.7364715,319.89996,10624.945,79.90179,21.096657,6651.3726,36.38591,49.48851,49.479283333333335,2022-04-28 21:00:00,0.009226666666663164,33.385406494140625,20.81930160522461,80.07273864746094,11197.146484375,6109.33154296875,61.31575393676758,1.8414376974105835,302.1851501464844
63.961864,1.745342,321.42218,10627.974,80.55201,20.796581,6584.065,36.700516,48.163593,48.169900000000005,2022-04-28 16:00:00,0.006307000000006724,39.53390884399414,29.981298446655273,79.41368103027344,10441.5126953125,7068.6494140625,58.41835021972656,1.318152904510498,305.8345947265625
64.67226,1.7849865,323.66827,10766.131,80.405106,20.835192,6575.656,35.991352,49.61084,49.479283333333335,2022-04-28 21:00:00,0.13155666666666832,33.385406494140625,20.81930160522461,80.07273864746094,11197.146484375,6109.33154296875,61.31575393676758,1.8414376974105835,302.1851501464844
64.56209,1.7362585,319.0813,10624.491,80.18568,20.645845,6558.9146,36.19566,50.00293,49.97251666666667,2022-04-20 06:00:00,0.030413333333328296,33.30134963989258,18.048030853271484,80.82063293457031,11260.87890625,6034.54541015625,63.44279098510742,1.9057233333587646,302.4145812988281
61.751118,1.7746359,318.47485,10649.901,80.28953,20.566181,6637.3687,36.12649,49.393513,49.479283333333335,2022-04-28 21:00:00,0.08577033333333617,33.385406494140625,20.81930160522461,80.07273864746094,11197.146484375,6109.33154296875,61.31575393676758,1.8414376974105835,302.1851501464844
64.93135,1.7853706,321.8478,10718.137,80.374695,20.705011,6548.089,36.48113,49.67632,49.84678333333333,2022-05-03 04:00:00,0.17046333333333052,33.64207458496094,21.65734100341797,79.59812927246094,11200.373046875,6148.6904296875,61.19272232055664,1.7943036556243896,312.08074951171875
63.056297,1.7433375,316.23602,10643.76,80.01311,20.946115,6360.5747,35.8638,49.94499,49.97251666666667,2022-04-20 06:00:00,0.027526666666673805,33.30134963989258,18.048030853271484,80.82063293457031,11260.87890625,6034.54541015625,63.44279098510742,1.9057233333587646,302.4145812988281
63.816933,1.7333732,321.87445,10767.896,80.116745,20.917301,6533.251,36.49307,50.434105,50.63661666666667,2022-04-23 22:00:00,0.2025116666666662,33.82997512817383,20.085739135742188,81.13239288330078,11292.6318359375,6104.28662109375,62.397544860839844,1.9126982688903809,304.6575927734375
64.41132,1.7266244,320.54282,10633.705,80.60791,20.982868,6617.5493,36.18614,49.455418,49.479283333333335,2022-04-28 21:00:00,0.023865333333333183,33.385406494140625,20.81930160522461,80.07273864746094,11197.146484375,6109.33154296875,61.31575393676758,1.8414376974105835,302.1851501464844
64.52569,1.7002618,310.16217,10637.772,80.454575,21.044352,6542.748,36.682194,49.984993,49.97251666666667,2022-04-20 06:00:00,0.01247633333333198,33.30134963989258,18.048030853271484,80.82063293457031,11260.87890625,6034.54541015625,63.44279098510742,1.9057233333587646,302.4145812988281
63.595932,1.7476381,323.64368,10614.362,80.29003,20.903748,6531.661,36.396416,49.696888,49.84678333333333,2022-05-03 04:00:00,0.14989533333332616,33.64207458496094,21.65734100341797,79.59812927246094,11200.373046875,6148.6904296875,61.19272232055664,1.7943036556243896,312.08074951171875
64.913345,1.761365,317.22565,10738.378,80.37306,20.95426,6599.6587,36.53857,48.70829,48.718,2021-11-30 11:00:00,0.009710000000005437,36.3981819152832,21.088600158691406,78.9235610961914,10854.4814453125,6653.24072265625,59.70796203613281,1.6133716106414795,316.78839111328125
64.19569,1.6104836,323.3604,10642.5,80.62702,20.959763,6612.8613,36.493156,48.61168,48.63808333333333,2021-11-30 17:00:00,0.02640333333332734,35.930992126464844,20.673343658447266,79.03205871582031,10893.2900390625,6560.82763671875,59.99861145019531,1.6291794776916504,312.15435791015625
63.110508,1.7652451,309.6724,10673.217,79.82479,20.983107,6522.63,35.937748,49.88634,49.84678333333333,2022-05-03 04:00:00,0.03955666666666957,33.64207458496094,21.65734100341797,79.59812927246094,11200.373046875,6148.6904296875,61.19272232055664,1.7943036556243896,312.08074951171875
64.154205,1.726854,325.78024,10726.635,80.03901,20.850708,6539.337,36.47971,49.269756,49.479283333333335,2022-04-28 21:00:00,0.20952733333333384,33.385406494140625,20.81930160522461,80.07273864746094,11197.146484375,6109.33154296875,61.31575393676758,1.8414376974105835,302.1851501464844
64.80109,1.7848892,320.7723,10631.389,80.16774,21.088892,6500.6323,36.801758,50.196514,49.97251666666667,2022-04-20 06:00:00,0.2239973333333296,33.30134963989258,18.048030853271484,80.82063293457031,11260.87890625,6034.54541015625,63.44279098510742,1.9057233333587646,302.4145812988281
61.97239,1.730418,317.56183,10607.206,80.098816,20.961555,6535.603,36.21489,48.40726,48.38446666666667,2021-11-30 10:00:00,0.022793333333332555,36.863975524902344,21.650163650512695,79.03477478027344,10820.2998046875,6708.0673828125,59.81560134887695,1.5737476348876953,320.5139465332031
62.324726,1.7814238,306.7521,10686.52,80.064575,20.947428,6601.5005,35.626484,49.67036,49.84678333333333,2022-05-03 04:00:00,0.17642333333332516,33.64207458496094,21.65734100341797,79.59812927246094,11200.373046875,6148.6904296875,61.19272232055664,1.7943036556243896,312.08074951171875
63.472664,1.7950463,319.13156,10746.738,80.131195,20.989954,6573.563,35.73943,50.251923,49.97251666666667,2022-04-20 06:00:00,0.279406333333327,33.30134963989258,18.048030853271484,80.82063293457031,11260.87890625,6034.54541015625,63.44279098510742,1.9057233333587646,302.4145812988281
64.34075,1.7374088,318.3421,10619.423,79.67747,20.87753,6547.795,36.4193,47.837807,47.84173333333334,2021-11-30 21:00:00,0.003926333333339471,37.16160583496094,21.102367401123047,78.8245849609375,10763.892578125,6767.10595703125,59.55859375,1.5860774517059326,314.9657287597656
64.82743,1.7755233,316.61426,10618.557,79.82208,20.739239,6604.466,36.41927,48.955,48.90491666666667,2022-04-28 23:00:00,0.05008333333332615,33.544002532958984,21.0457706451416,79.9920425415039,11204.1845703125,6105.0400390625,60.75523376464844,1.8381129503250122,304.909912109375
64.821556,1.7761018,320.508,10734.902,79.69406,20.746534,6568.747,35.572685,48.688194,48.718,2021-11-30 11:00:00,0.029806000000000665,36.3981819152832,21.088600158691406,78.9235610961914,10854.4814453125,6653.24072265625,59.70796203613281,1.6133716106414795,316.78839111328125
64.93184,1.6963716,309.81137,10628.327,80.34522,21.011404,6608.094,35.83246,49.766422,49.84678333333333,2022-05-03 04:00:00,0.08036133333332884,33.64207458496094,21.65734100341797,79.59812927246094,11200.373046875,6148.6904296875,61.19272232055664,1.7943036556243896,312.08074951171875
64.884094,1.7936941,320.99503,10803.878,80.16062,21.107693,6541.4653,36.511517,49.925995,49.97251666666667,2022-04-20 06:00:00,0.04652166666667057,33.30134963989258,18.048030853271484,80.82063293457031,11260.87890625,6034.54541015625,63.44279098510742,1.9057233333587646,302.4145812988281
64.745026,1.6942761,315.91943,10724.333,79.79722,20.645996,6565.989,36.57401,49.099426,48.90491666666667,2022-04-28 23:00:00,0.19450933333332898,33.544002532958984,21.0457706451416,79.9920425415039,11204.1845703125,6105.0400390625,60.75523376464844,1.8381129503250122,304.909912109375
63.355736,1.759857,323.00476,10591.657,80.03531,20.482643,6547.2495,36.18825,50.35424,50.63661666666667,2022-04-23 22:00:00,0.2823766666666714,33.82997512817383,20.085739135742188,81.13239288330078,11292.6318359375,6104.28662109375,62.397544860839844,1.9126982688903809,304.6575927734375
63.819664,1.7836041,321.3781,10599.762,79.90959,21.07178,6521.9087,36.345913,49.36796,49.479283333333335,2022-04-28 21:00:00,0.11132333333333833,33.385406494140625,20.81930160522461,80.07273864746094,11197.146484375,6109.33154296875,61.31575393676758,1.8414376974105835,302.1851501464844
63.404064,1.8005792,317.5973,10624.563,79.88985,20.93102,6548.4277,36.314396,49.97276,49.97251666666667,2022-04-20 06:00:00,0.00024333333333004248,33.30134963989258,18.048030853271484,80.82063293457031,11260.87890625,6034.54541015625,63.44279098510742,1.9057233333587646,302.4145812988281
63.75227,1.7460905,317.27893,10635.004,79.88083,20.753845,6647.551,36.53501,48.78124,48.78366666666667,2021-11-30 18:00:00,0.002426666666671906,35.95677185058594,20.670228958129883,78.99786376953125,10885.2744140625,6557.62646484375,59.96217727661133,1.6352214813232422,311.5025634765625
64.32123,1.7202055,309.9877,10741.638,80.0875,21.014465,6532.2,35.952534,49.876698,49.84678333333333,2022-05-03 04:00:00,0.029914666666670087,33.64207458496094,21.65734100341797,79.59812927246094,11200.373046875,6148.6904296875,61.19272232055664,1.7943036556243896,312.08074951171875
64.77176,1.7405761,315.8,10645.078,79.82818,20.886276,6603.929,36.091137,48.933464,48.90491666666667,2022-04-28 23:00:00,0.028547333333328595,33.544002532958984,21.04576873779297,79.9920425415039,11204.1845703125,6105.0400390625,60.75523376464844,1.8381129503250122,304.909912109375
64.866936,1.7722362,308.79843,10614.565,80.49443,20.740269,6562.903,35.84824,49.1742,48.90491666666667,2022-04-28 23:00:00,0.2692833333333269,33.544002532958984,21.04576873779297,79.9920425415039,11204.1845703125,6105.0400390625,60.75523376464844,1.8381129503250122,304.909912109375
64.43037,1.8116591,318.30023,10634.698,80.47055,20.62199,6503.443,36.173473,50.882328,50.91153333333333,2022-05-06 14:00:00,0.029205333333329975,34.925716400146484,29.16868019104004,81.1469955444336,10980.1875,6317.34033203125,60.38313293457031,1.60613214969635,305.9960632324219
63.748665,1.7723141,316.29602,10983.309,80.31851,20.976154,6537.9365,35.644733,50.995575,50.91153333333333,2022-05-06 14:00:00,0.08404166666667123,34.925716400146484,29.16868019104004,81.1469955444336,10980.1875,6317.34033203125,60.38313293457031,1.60613214969635,305.9960632324219
62.7872,1.7729034,321.6157,10838.539,80.50642,20.531708,6426.784,36.518112,50.974804,50.91153333333333,2022-05-06 14:00:00,0.06327066666666781,34.925716400146484,29.16868019104004,81.1469955444336,10980.1875,6317.34033203125,60.38313293457031,1.60613214969635,305.9960632324219
64.71637,1.7093316,314.84808,11019.96,80.15201,20.929256,6502.3853,36.018665,50.77378,50.63661666666667,2022-04-23 22:00:00,0.13716333333333353,33.82997512817383,20.085739135742188,81.13239288330078,11292.6318359375,6104.28662109375,62.397544860839844,1.9126982688903809,304.6575927734375
64.22371,1.6755124,319.71405,10684.48,80.50305,20.591753,6432.874,35.887646,50.64456,50.63661666666667,2022-04-23 22:00:00,0.00794333333332986,33.82997512817383,20.085739135742188,81.13239288330078,11292.6318359375,6104.28662109375,62.397544860839844,1.9126982688903809,304.6575927734375
65.08135,1.6684812,316.75806,10689.164,79.91559,21.02427,6417.101,36.408543,50.99185,50.91153333333333,2022-05-06 14:00:00,0.08031666666666837,34.925716400146484,29.16868019104004,81.1469955444336,10980.1875,6317.34033203125,60.38313293457031,1.60613214969635,305.9960632324219
64.92526,1.7034515,320.29672,11069.136,80.049576,20.948627,6442.513,36.116432,50.3329,50.63661666666667,2022-04-23 22:00:00,0.3037166666666664,33.82997512817383,20.085739135742188,81.13239288330078,11292.6318359375,6104.28662109375,62.397544860839844,1.9126982688903809,304.6575927734375
65.38061,1.861069,320.95236,11000.492,80.542534,20.955976,6391.9043,35.828785,50.798965,50.91153333333333,2022-05-06 14:00:00,0.1125683333333285,34.925716400146484,29.16868019104004,81.1469955444336,10980.1875,6317.34033203125,60.38313293457031,1.60613214969635,305.9960632324219
62.877197,1.7911792,309.4214,11005.788,79.86533,20.411247,6484.0693,36.265327,51.29647,51.25066666666667,2021-12-11 09:00:00,0.045803333333331864,32.149967193603516,15.131165504455566,81.09812927246094,11492.3134765625,5776.13427734375,66.59825897216797,2.0242230892181396,315.8409423828125
63.70037,1.837734,320.51517,11043.474,80.86451,20.63495,6517.95,36.035694,51.31629,51.25066666666667,2021-12-11 09:00:00,0.0656233333333347,32.149967193603516,15.131165504455566,81.09812927246094,11492.3134765625,5776.13427734375,66.59825897216797,2.0242230892181396,315.8409423828125
65.27929,1.8322058,319.13174,10814.807,80.53047,20.79868,6486.471,35.4613,50.981667,50.91153333333333,2022-05-06 14:00:00,0.07013366666667054,34.925716400146484,29.16868019104004,81.1469955444336,10980.1875,6317.34033203125,60.38313293457031,1.60613214969635,305.9960632324219
65.26002,1.754405,319.7749,10893.982,80.44545,20.438557,6448.2773,36.076603,50.246956,49.97251666666667,2022-04-20 06:00:00,0.2744393333333264,33.30134963989258,18.048030853271484,80.82063293457031,11260.87890625,6034.54541015625,63.44279098510742,1.9057233333587646,302.4145812988281
65.64997,1.8808868,318.04895,10742.534,80.781136,20.945978,6461.956,35.517967,49.357567,49.479283333333335,2022-04-28 21:00:00,0.12171633333333176,33.385406494140625,20.81930160522461,80.07273864746094,11197.146484375,6109.33154296875,61.31575393676758,1.8414376974105835,302.1851501464844
64.42136,1.8342634,320.7618,10971.8955,80.89011,21.027695,6417.1143,35.421986,51.94345,51.84571666666667,2021-12-11 04:00:00,0.09773333333333056,32.2483024597168,14.852094650268555,80.7845230102539,11493.4609375,5767.43310546875,65.88935089111328,2.0130622386932373,311.5888977050781
65.077614,1.7381916,319.3333,11173.499,80.85906,20.801165,6383.4966,35.683483,51.50045,51.57633333333333,2021-12-11 03:00:00,0.07588333333332997,32.383323669433594,15.34148120880127,80.54634094238281,11441.3447265625,5840.994140625,65.4750747680664,1.9885523319244385,313.8249816894531
65.148766,1.6952507,309.68225,11095.294,80.87381,20.719849,6441.4956,35.391773,51.475304,51.57633333333333,2021-12-11 03:00:00,0.10102933333332942,32.383323669433594,15.34148120880127,80.54634094238281,11441.3447265625,5840.994140625,65.4750747680664,1.9885523319244385,313.8249816894531
64.904816,1.8229907,319.99255,11017.131,80.85001,20.927578,6478.1616,36.052776,51.624535,51.57633333333333,2021-12-11 03:00:00,0.04820166666667092,32.383323669433594,15.34148120880127,80.54634094238281,11441.3447265625,5840.994140625,65.4750747680664,1.9885523319244385,313.8249816894531
63.54162,1.6894975,314.90778,10982.884,80.58908,20.722235,6228.559,35.529396,52.328625,52.333,2021-12-09 18:00:00,0.004374999999996021,32.10977554321289,14.731663703918457,80.78491973876953,11502.2373046875,5745.302734375,66.50334167480469,2.041658878326416,309.82177734375
66.0168,1.8084085,318.3256,11101.954,80.66835,20.614702,6448.29,35.67901,51.864758,51.84571666666667,2021-12-11 04:00:00,0.01904133333333391,32.2483024597168,14.852094650268555,80.7845230102539,11493.4609375,5767.43310546875,65.88935089111328,2.0130622386932373,311.5888977050781
65.5841,1.7359065,318.34158,11093.863,81.05288,20.738258,6391.164,35.695713,51.29477,51.25066666666667,2021-12-11 09:00:00,0.04410333333333227,32.149967193603516,15.131165504455566,81.09812927246094,11492.3134765625,5776.13427734375,66.59825897216797,2.0242230892181396,315.8409423828125
64.16137,1.8363036,319.434,11015.223,81.19796,20.917864,6404.2607,35.66474,51.640083,51.57633333333333,2021-12-11 03:00:00,0.06374966666666637,32.383323669433594,15.34148120880127,80.54634094238281,11441.3447265625,5840.994140625,65.4750747680664,1.9885523319244385,313.8249816894531
65.45705,1.7693622,319.2786,11072.927,80.76803,20.961103,6432.0576,35.138714,52.119976,52.09933333333333,2021-12-09 21:00:00,0.02064266666667436,32.1546745300293,14.82177734375,80.46721649169922,11462.96484375,5812.783203125,66.30712890625,2.0296807289123535,311.4342041015625
65.566475,1.8669535,317.1213,11091.942,80.26632,21.028532,6350.367,35.75105,51.098877,51.25066666666667,2021-12-11 09:00:00,0.15178966666666582,32.149967193603516,15.131165504455566,81.09812927246094,11492.3134765625,5776.13427734375,66.59825897216797,2.0242230892181396,315.8409423828125
66.23706,1.8377762,320.89984,11312.176,80.77565,21.017452,6435.625,35.677868,51.42355,51.57633333333333,2021-12-11 03:00:00,0.15278333333333194,32.383323669433594,15.34148120880127,80.54634094238281,11441.3447265625,5840.994140625,65.4750747680664,1.9885523319244385,313.8249816894531
65.74763,1.8180524,319.79736,11337.292,80.86206,20.881954,6291.577,35.47707,52.58967,52.58628333333333,2021-12-09 03:00:00,0.00338666666667109,32.01762008666992,14.698134422302246,81.07282257080078,11569.4189453125,5701.3408203125,66.74336242675781,2.067833423614502,311.1786193847656
66.76523,1.7875705,307.6621,11085.758,80.77718,20.702568,6325.2817,35.459747,52.314663,52.3071,2022-05-06 15:00:00,0.007563000000004649,34.09072494506836,29.9384765625,81.97372436523438,11127.314453125,6231.916015625,60.57573699951172,1.6150104999542236,307.5577392578125
65.449165,1.7968894,325.6156,11418.874,81.06701,20.74138,6263.5166,35.698963,52.18574,52.187783333333336,2021-12-10 03:00:00,0.002043333333332953,32.167049407958984,14.916033744812012,80.93058776855469,11497.1943359375,5751.93603515625,66.4210433959961,2.0255255699157715,311.9026184082031
65.475204,1.8388333,321.8482,11315.626,80.97228,20.778307,6321.8022,35.68866,51.980343,52.09933333333333,2021-12-09 21:00:00,0.11899033333332909,32.1546745300293,14.82177734375,80.46721649169922,11462.96484375,5812.783203125,66.30712890625,2.0296807289123535,311.4342041015625
65.73655,1.9883245,318.483,11122.076,81.313644,20.579731,6422.056,35.78552,52.569206,52.566833333333335,2021-12-08 23:00:00,0.0023726666666661345,32.09196090698242,14.718413352966309,81.00020599365234,11565.2412109375,5689.9052734375,66.19991302490234,2.045741081237793,310.7821044921875
64.44507,1.9868277,332.37097,10933.537,80.61815,20.595058,6222.7114,35.243423,51.9934,52.09933333333333,2021-12-09 21:00:00,0.10593333333332566,32.1546745300293,14.82177734375,80.46721649169922,11462.96484375,5812.783203125,66.30712890625,2.0296807289123535,311.4342041015625
65.96687,1.8281825,320.21365,11092.233,81.13704,20.617964,6320.1865,35.657223,52.297028,52.29866666666667,2021-12-09 13:00:00,0.0016386666666718952,32.06625747680664,15.055815696716309,80.8495101928711,11532.41796875,5753.6025390625,66.49488830566406,2.049614429473877,312.1085205078125
66.61083,1.8454603,321.23444,11308.951,81.17971,20.924648,6332.538,35.058434,52.761597,52.76266666666667,2021-12-12 05:00:00,0.0010696666666660803,32.235107421875,15.310115814208984,81.47053527832031,11525.9365234375,5740.3642578125,66.30378723144531,2.008390188217163,315.7605285644531
65.42081,1.7714905,309.89883,11292.296,81.63086,20.933014,6319.0938,34.92554,52.19143,52.187783333333336,2021-12-10 03:00:00,0.003646666666661247,32.167049407958984,14.916033744812012,80.93058776855469,11497.1943359375,5751.93603515625,66.4210433959961,2.0255255699157715,311.9026184082031
65.62475,1.7945558,316.9721,11422.944,81.67147,20.841516,6309.357,35.157906,52.65891,52.662866666666666,2021-12-08 15:00:00,0.0039566666666672745,32.027259826660156,14.8320894241333,81.11546325683594,11557.787109375,5748.76123046875,66.57136535644531,2.077477216720581,313.2532043457031
64.91975,1.8311791,309.4195,11111.727,81.57496,20.843569,6376.4336,35.382114,52.682716,52.69845,2021-12-10 07:00:00,0.015734000000001913,32.04388427734375,14.391953468322754,81.03081512451172,11567.8896484375,5662.0595703125,66.64070129394531,2.047144889831543,309.74273681640625
66.564476,1.8108284,320.55353,11018.566,81.51334,21.030365,6309.7754,35.567677,52.721653,52.7205,2021-12-10 05:00:00,0.00115300000000218,32.03485870361328,14.458260536193848,81.04081726074219,11558.8056640625,5684.48193359375,66.75755310058594,2.0573348999023438,310.4773254394531
65.66836,1.8416713,317.56372,11212.577,82.285095,20.826212,6329.712,35.339855,52.64988,52.662866666666666,2021-12-08 15:00:00,0.012986666666662927,32.027259826660156,14.8320894241333,81.11546325683594,11557.787109375,5748.76123046875,66.57136535644531,2.077477216720581,313.2532043457031
65.51403,1.8270303,314.79788,11585.088,81.266464,20.657875,6307.2983,34.835575,52.58818,52.58628333333333,2021-12-09 03:00:00,0.0018966666666742071,32.01762008666992,14.698134422302246,81.07282257080078,11569.4189453125,5701.3408203125,66.74336242675781,2.067833423614502,311.1786193847656
66.60621,1.7485596,314.1403,10950.097,81.30122,21.035633,6293.025,34.89985,52.30999,52.3071,2022-05-06 15:00:00,0.0028900000000007253,34.09072494506836,29.9384765625,81.97372436523438,11127.314453125,6231.916015625,60.57573699951172,1.6150104999542236,307.5577392578125
65.44295,1.8386407,309.27264,11185.173,80.995674,21.05311,6307.601,35.013245,52.706005,52.703,2021-12-09 07:00:00,0.0030049999999945953,31.996057510375977,14.467118263244629,81.11363220214844,11584.0068359375,5650.9541015625,66.733642578125,2.0660758018493652,309.8409729003906
66.75724,1.9684268,319.3,11362.325,80.8264,21.145735,6232.7188,35.061787,52.78458,52.78848333333334,2021-12-10 10:00:00,0.003903333333340697,32.007957458496094,14.623635292053223,81.01661682128906,11553.4482421875,5699.52685546875,66.9874267578125,2.0638229846954346,312.0824279785156
66.55717,1.8431234,309.05267,11412.996,80.6743,20.754143,6266.0664,34.645363,52.66802,52.66583333333333,2021-12-10 14:00:00,0.002186666666666781,32.16055679321289,14.723149299621582,81.04496765136719,11544.716796875,5700.6357421875,66.17916107177734,2.025137424468994,311.6088562011719
65.503105,1.8364844,309.76474,11300.563,80.82967,21.036982,6333.595,34.96584,52.253407,52.2482,2021-12-10 11:00:00,0.005207000000005735,32.28837203979492,15.175289154052734,80.74811553955078,11474.5654296875,5793.54443359375,65.94816589355469,1.9975205659866333,312.04083251953125
65.594536,2.0052977,322.32492,11141.455,81.91081,21.018461,6204.3276,35.03958,52.456844,52.44683333333333,2021-12-10 23:00:00,0.010010666666666168,32.15013885498047,14.614911079406738,80.98611450195312,11547.04296875,5685.6240234375,66.14588928222656,2.0285186767578125,310.45770263671875
65.68437,1.837505,319.21606,10793.346,82.347565,21.030441,6223.965,34.67854,52.681366,52.66583333333333,2021-12-10 14:00:00,0.015532666666665307,32.16055679321289,14.723149299621582,81.04496765136719,11544.716796875,5700.6357421875,66.17916107177734,2.025137424468994,311.6088562011719
65.587036,1.7486963,319.50266,11049.289,81.90474,20.874224,6317.4487,35.12448,52.819496,52.81873333333333,2021-12-09 20:00:00,0.0007626666666737947,32.043670654296875,14.450011253356934,81.02169036865234,11561.9423828125,5684.240234375,66.76595306396484,2.05256724357605,310.1605224609375
66.78964,2.0115628,314.65237,11466.921,82.28965,20.945892,6227.648,34.86753,52.893547,52.88926666666666,2021-12-10 19:00:00,0.004280333333340991,32.05690002441406,14.391950607299805,81.28327941894531,11601.435546875,5657.23828125,66.4898910522461,2.0529377460479736,311.88763427734375
65.2032,1.8012339,315.112,11417.04,82.677986,20.884317,6116.5254,34.930737,52.566765,52.566833333333335,2021-12-08 23:00:00,6.833333333844394e-05,32.09196090698242,14.718413352966309,81.00020599365234,11565.2412109375,5689.9052734375,66.19991302490234,2.045741081237793,310.7821044921875
64.9298,2.0079274,315.551,11227.613,82.6119,20.396828,6046.424,35.38462,52.85008,52.85116666666666,2021-12-10 02:00:00,0.0010866666666586866,32.09004211425781,14.723278045654297,81.05543518066406,11553.029296875,5723.58251953125,66.5792007446289,2.0429744720458984,312.4873046875
65.74742,1.8887486,321.55435,11084.599,81.40117,20.749035,6176.6245,34.673798,53.289143,53.28133333333333,2021-12-10 18:00:00,0.00780966666667382,32.037689208984375,14.410848617553711,81.34065246582031,11610.2890625,5644.51171875,66.55805206298828,2.0578579902648926,312.4566345214844
65.61004,2.0893402,319.123,11468.034,80.77824,20.852148,6200.5938,35.15887,52.92026,52.93156666666667,2022-04-29 13:00:00,0.011306666666669685,32.64450454711914,19.68379783630371,82.85250091552734,11545.6181640625,5822.20263671875,64.8868179321289,2.0157699584960938,314.2994384765625
66.71984,1.8971552,323.73712,11610.203,81.10526,20.77265,6211.1777,34.630478,52.880825,52.8725,2021-12-10 16:00:00,0.00832499999999925,32.033145904541016,14.376312255859375,81.23332214355469,11598.0400390625,5653.615234375,66.58114624023438,2.0639681816101074,311.37799072265625
65.37244,1.778631,318.34155,11506.909,81.597305,20.87708,6279.494,34.419983,52.6914,52.69845,2021-12-10 07:00:00,0.007049999999999557,32.04388427734375,14.391953468322754,81.03081512451172,11567.8896484375,5662.0595703125,66.64070129394531,2.047144889831543,309.74273681640625
66.24028,2.0490286,321.96674,11543.237,81.38383,20.758436,6201.441,35.065144,52.855255,52.85466666666667,2021-12-08 19:00:00,0.0005883333333329688,31.999094009399414,14.69711971282959,81.37352752685547,11610.0634765625,5669.6982421875,66.63367462158203,2.0726261138916016,312.90966796875
66.840454,1.7674401,313.43073,11673.815,82.31886,20.837677,5953.369,34.845596,52.89948,52.89966666666666,2021-12-10 09:00:00,0.00018666666666433684,32.00666427612305,14.487247467041016,81.24024200439453,11573.5234375,5661.01171875,66.99708557128906,2.054468870162964,311.5903625488281
66.731026,1.7873762,327.7757,11478.713,81.09386,20.883404,6272.3057,34.766586,52.74935,52.74045,2021-12-11 05:00:00,0.008899999999997021,32.09054183959961,14.62239933013916,81.0558853149414,11555.701171875,5721.83203125,66.5007095336914,2.0458483695983887,312.97662353515625
66.470856,2.008254,325.2822,11115.908,83.06279,21.075233,6164.1875,34.555367,52.927517,52.93156666666667,2022-04-29 13:00:00,0.004049666666666951,32.64450454711914,19.68379783630371,82.85250091552734,11545.6181640625,5822.20263671875,64.8868179321289,2.0157699584960938,314.2994384765625
66.36168,1.772778,322.8208,11409.913,83.04737,21.149529,5926.221,34.63197,53.017555,53.025083333333335,2021-12-09 05:00:00,0.007528333333333137,31.976411819458008,14.531575202941895,81.17453002929688,11588.2900390625,5656.60107421875,66.96321868896484,2.074775457382202,310.31982421875
67.26203,1.8202189,324.58923,11161.964,81.90762,20.64872,6171.6826,35.301598,52.801632,52.80065,2022-04-29 15:00:00,0.0009820000000004825,32.760135650634766,19.812925338745117,82.44969177246094,11498.744140625,5874.64892578125,64.91426086425781,1.9733542203903198,316.88983154296875
65.715706,1.808148,319.19073,11236.385,81.887276,21.102533,6257.052,34.881886,53.12951,53.12505,2021-12-09 01:00:00,0.004460000000001685,31.91517448425293,14.45406436920166,81.61213684082031,11634.9033203125,5613.51171875,67.10914611816406,2.086754322052002,312.1584777832031
65.636,1.9825368,324.89185,11598.496,82.669365,21.023361,6129.4233,34.715298,52.92347,52.93156666666667,2022-04-29 13:00:00,0.008096666666666863,32.64450454711914,19.68379783630371,82.85250091552734,11545.6181640625,5822.20263671875,64.8868179321289,2.0157699584960938,314.2994384765625
65.48249,1.843298,313.7372,11469.993,82.55443,21.078844,6310.2954,35.15261,52.592133,52.58628333333333,2021-12-09 03:00:00,0.005849666666669862,32.01762008666992,14.698134422302246,81.07282257080078,11569.4189453125,5701.3408203125,66.74336242675781,2.067833423614502,311.1786193847656
67.1767,1.7756929,315.5672,11597.84,83.095665,21.161886,6051.337,34.500114,52.809383,52.80065,2022-04-29 15:00:00,0.008732999999999436,32.760135650634766,19.812925338745117,82.44969177246094,11498.744140625,5874.6494140625,64.91426086425781,1.9733542203903198,316.88983154296875
66.654045,2.0392964,326.7618,11448.672,81.82105,21.121868,6057.4976,34.728928,53.06316,53.05018333333334,2022-04-29 17:00:00,0.012976666666666858,32.62327194213867,19.21417236328125,82.66187286376953,11533.4580078125,5836.982421875,65.27544403076172,2.0065436363220215,315.127197265625
66.87645,2.008183,323.73584,11562.333,82.19804,21.147326,6006.8623,34.351856,53.009716,53.00533333333333,2022-05-06 13:00:00,0.0043826666666646474,33.88152313232422,30.531856536865234,82.43229675292969,11206.7001953125,6197.919921875,60.808040618896484,1.6519229412078857,309.1264953613281
66.975975,1.842101,317.57422,11481.503,82.90874,21.132149,6204.5806,35.0635,52.64956,52.662866666666666,2021-12-08 15:00:00,0.013306666666665024,32.027259826660156,14.8320894241333,81.11546325683594,11557.787109375,5748.76123046875,66.57136535644531,2.077477216720581,313.2532043457031
66.682144,1.9888711,319.3974,11616.718,83.200226,20.601734,6177.1855,34.77044,53.03219,53.025083333333335,2021-12-09 05:00:00,0.007106666666665262,31.976411819458008,14.531575202941895,81.17453002929688,11588.2900390625,5656.60107421875,66.96321868896484,2.074775457382202,310.31982421875
67.07053,1.9066482,313.34756,11563.9795,82.524666,21.19872,6088.0083,34.67078,52.713833,52.7205,2021-12-10 05:00:00,0.0066670000000002005,32.03485870361328,14.458260536193848,81.04081726074219,11558.8056640625,5684.48193359375,66.75755310058594,2.0573348999023438,310.4773254394531
65.139275,1.9648482,310.01535,11572.883,83.144936,21.028267,6253.114,34.85796,53.18073,53.1875,2021-12-10 04:00:00,0.006770000000003051,31.98760414123535,14.540212631225586,81.19635772705078,11584.193359375,5679.57080078125,67.0317153930664,2.071544647216797,312.2032775878906
65.33771,1.965294,315.53674,11227.083,83.5478,21.078255,6116.252,34.35639,53.21138,53.21016666666666,2021-12-12 00:00:00,0.0012133333333395058,32.064266204833984,15.134979248046875,82.00777435302734,11567.3681640625,5695.7373046875,67.08204650878906,2.046076536178589,316.35662841796875
65.81373,1.7967478,320.84607,11466.958,82.35303,20.755507,6174.409,34.53183,52.89183,52.88926666666666,2021-12-10 19:00:00,0.0025633333333416886,32.05690002441406,14.391950607299805,81.28327941894531,11601.435546875,5657.23828125,66.4898910522461,2.0529377460479736,311.88763427734375
65.69215,2.0147028,322.37048,11446.659,82.29092,20.68464,6163.289,35.25442,52.608627,52.60576666666666,2021-12-09 06:00:00,0.0028603333333379055,31.96632957458496,14.55591106414795,80.9915542602539,11575.60546875,5673.36474609375,66.92887878417969,2.0778260231018066,310.47088623046875
66.30684,1.8438582,315.25653,11485.833,82.314835,20.837194,6190.3086,34.373,52.92468,52.93156666666667,2022-04-29 13:00:00,0.0068866666666664855,32.64450454711914,19.68379783630371,82.85250091552734,11545.6181640625,5822.20263671875,64.8868179321289,2.0157699584960938,314.2994384765625
65.77074,1.8453751,317.76706,11450.317,83.03538,20.875078,6211.048,34.863903,52.527283,52.52366666666666,2021-12-10 01:00:00,0.003616333333340549,32.093971252441406,14.469132423400879,80.943359375,11550.2734375,5692.7080078125,66.35265350341797,2.034104108810425,310.2701110839844
65.56411,1.9003549,320.81717,11437.387,82.38699,21.015211,6097.735,34.815437,53.107025,53.10926666666666,2021-12-10 08:00:00,0.0022416666666629226,32.028160095214844,14.578461647033691,81.16903686523438,11563.138671875,5668.13427734375,66.76753997802734,2.055278778076172,310.66290283203125
65.6314,1.9774657,314.28354,11427.076,81.89181,20.959768,6134.0366,34.96326,52.92711,52.93156666666667,2022-04-29 13:00:00,0.004456666666669662,32.64450454711914,19.68379783630371,82.85250091552734,11545.6181640625,5822.20263671875,64.8868179321289,2.0157699584960938,314.2994384765625
66.394295,1.8947927,320.81683,11357.46,82.7936,21.105743,6036.297,34.823402,53.185726,53.1875,2021-12-10 04:00:00,0.0017739999999974998,31.98760414123535,14.540212631225586,81.19635772705078,11584.193359375,5679.57080078125,67.0317153930664,2.071544647216797,312.2032775878906
66.16685,1.9565318,316.28055,11430.063,83.01072,20.843267,6314.1206,34.267063,53.065098,53.07823333333334,2021-12-08 16:00:00,0.01313533333333794,32.00064468383789,14.742639541625977,81.44581604003906,11613.619140625,5668.4697265625,66.5850830078125,2.077054738998413,313.2566833496094
65.55963,1.8330356,316.0105,11484.75,82.067474,20.649933,6197.676,34.657513,52.93076,52.93156666666667,2022-04-29 13:00:00,0.0008066666666692868,32.64450454711914,19.68379783630371,82.85250091552734,11545.6181640625,5822.20263671875,64.8868179321289,2.0157699584960938,314.2994384765625
64.81563,1.8426387,319.37006,11564.285,82.886604,21.10402,6095.8896,34.82693,53.068214,53.07823333333334,2021-12-08 16:00:00,0.010019333333339375,32.00064468383789,14.742639541625977,81.44581604003906,11613.619140625,5668.4697265625,66.5850830078125,2.077054738998413,313.2566833496094
66.22637,1.8413308,324.46494,11060.035,83.03606,20.89083,6102.2007,34.677963,53.1981,53.1932,2022-04-29 08:00:00,0.004899999999999238,32.54035186767578,19.098419189453125,82.68965148925781,11551.9189453125,5817.89013671875,65.24108123779297,2.017551898956299,314.40380859375
65.9662,1.8431361,316.25803,11291.946,81.36459,20.825975,6029.859,34.279278,53.008553,53.00533333333333,2022-05-06 13:00:00,0.0032196666666663987,33.88152313232422,30.531856536865234,82.43229675292969,11206.7001953125,6197.919921875,60.808040618896484,1.6519229412078857,309.1264953613281
66.84008,1.79721,316.97742,11543.808,82.8075,20.838863,6106.792,34.81862,52.85719,52.85466666666667,2021-12-08 19:00:00,0.0025233333333360974,31.999094009399414,14.69711971282959,81.37352752685547,11610.0634765625,5669.6982421875,66.63367462158203,2.0726261138916016,312.90966796875
65.137054,1.9038088,317.94452,11606.153,83.265625,21.167416,6214.1753,34.90725,52.633636,52.63241666666666,2021-12-09 08:00:00,0.0012193333333456735,31.953506469726562,14.624024391174316,81.08011627197266,11580.197265625,5676.9716796875,66.9493637084961,2.085660457611084,310.6588134765625
65.69749,1.893255,318.9488,11382.127,83.83662,21.15981,6248.3433,34.891766,52.836414,52.82376666666666,2021-12-12 04:00:00,0.012647333333340782,32.164955139160156,15.191492080688477,81.48432159423828,11519.8505859375,5726.38037109375,66.6023178100586,2.0181734561920166,314.354248046875
66.67941,1.8440268,318.12366,11412.318,82.72805,20.737764,6080.8066,34.75701,52.94289,52.936057142857145,2021-12-08 20:00:00,0.006832857142853754,31.94545555114746,14.57911491394043,81.45074462890625,11609.439453125,5632.501953125,66.99407196044922,2.079941511154175,311.4927673339844
65.45221,2.0316932,320.61896,11266.099,82.60328,21.088554,6110.1777,34.33235,53.13671,53.14816666666667,2021-12-12 03:00:00,0.011456666666667559,32.22113037109375,15.518129348754883,82.33380126953125,11536.97265625,5701.96044921875,66.68441772460938,2.0232017040252686,319.2645568847656
65.752846,1.8130355,314.02045,11530.221,81.483215,20.939512,6036.3345,35.053932,53.257706,53.27426666666667,2021-12-12 07:00:00,0.016560666666670443,32.12575912475586,15.22953987121582,81.65516662597656,11544.654296875,5722.31396484375,66.91812896728516,2.040182113647461,316.03643798828125
66.568665,1.8435769,317.18317,11428.296,81.87632,21.094933,6043.548,34.890476,52.471867,52.44683333333333,2021-12-10 23:00:00,0.025033666666672616,32.15013885498047,14.614911079406738,80.98611450195312,11547.04296875,5685.6240234375,66.14588928222656,2.0285186767578125,310.45770263671875
66.17373,1.8228681,319.63922,11580.685,83.09185,21.148571,6132.7188,34.185963,52.858845,52.85466666666667,2021-12-08 19:00:00,0.004178333333335615,31.999094009399414,14.69711971282959,81.37352752685547,11610.0634765625,5669.6982421875,66.63367462158203,2.0726261138916016,312.90966796875
65.72921,1.992139,318.25333,11388.281,82.150215,21.093418,6278.7183,34.36508,52.84893,52.85116666666666,2021-12-10 02:00:00,0.00223666666665423,32.09004211425781,14.723278045654297,81.05543518066406,11553.029296875,5723.58251953125,66.5792007446289,2.0429744720458984,312.4873046875
65.485306,1.802044,317.47714,11497.715,82.702995,20.862528,6038.1064,34.17337,49.95215,49.97251666666667,2022-04-20 06:00:00,0.020366666666667754,33.30134963989258,18.048030853271484,80.82063293457031,11260.87890625,6034.54541015625,63.44279098510742,1.9057233333587646,302.4145812988281
65.28183,1.7927916,329.66574,11467.563,82.06351,21.074436,6193.068,34.683514,53.16231,53.14816666666667,2021-12-12 03:00:00,0.014143333333329622,32.22113037109375,15.518129348754883,82.33380126953125,11536.97265625,5701.96044921875,66.68441772460938,2.0232017040252686,319.2645568847656
65.71284,1.8653736,313.52338,11385.541,82.746506,20.876925,6022.899,34.539207,53.10402,53.10926666666666,2021-12-10 08:00:00,0.005246666666664623,32.028160095214844,14.578461647033691,81.16903686523438,11563.138671875,5668.13427734375,66.76753997802734,2.055278778076172,310.66290283203125
65.628914,1.7991523,324.08752,11047.668,83.13333,20.983627,6235.6646,34.80012,52.891144,52.88926666666666,2021-12-10 19:00:00,0.0018773333333399478,32.05690002441406,14.391949653625488,81.28327941894531,11601.435546875,5657.23828125,66.4898910522461,2.0529377460479736,311.88763427734375
65.7946,1.9715198,321.08206,11380.565,82.00925,21.177761,6283.835,34.650246,52.908672,52.89966666666666,2021-12-10 09:00:00,0.009005333333341525,32.00666427612305,14.487248420715332,81.24024200439453,11573.5234375,5661.01171875,66.99708557128906,2.054468870162964,311.5903625488281
66.24062,1.8263576,332.26172,11328.291,81.88308,20.959984,6259.1323,34.310276,53.128143,53.12505,2021-12-09 01:00:00,0.0030929999999997904,31.91517448425293,14.45406436920166,81.61213684082031,11634.9033203125,5613.51171875,67.10914611816406,2.086754322052002,312.1584777832031
66.71497,1.8146416,319.72443,11314.304,82.22194,20.838453,6172.009,34.792923,52.828087,52.82376666666666,2021-12-12 04:00:00,0.004320333333339477,32.164955139160156,15.191492080688477,81.48432159423828,11519.8505859375,5726.38037109375,66.6023178100586,2.0181734561920166,314.354248046875
65.673134,1.7064449,328.35745,11336.706,83.69911,21.100336,6029.9653,34.894104,53.320282,53.32128333333333,2021-12-10 13:00:00,0.0010013333333276364,31.983726501464844,14.581732749938965,81.443603515625,11602.1005859375,5668.66796875,67.01019287109375,2.0745954513549805,313.4174499511719
66.47215,1.8365858,324.9773,11595.533,81.769966,21.273785,6177.179,34.378815,52.879147,52.8725,2021-12-10 16:00:00,0.006647000000000958,32.033145904541016,14.376312255859375,81.23332214355469,11598.0400390625,5653.615234375,66.58114624023438,2.0639681816101074,311.37799072265625
65.71562,1.8178949,318.17508,11566.128,82.70761,21.019028,6215.784,34.66345,52.793507,52.79316666666667,2021-12-12 06:00:00,0.00034033333332672555,32.261470794677734,15.317264556884766,81.79329681396484,11520.5966796875,5720.33251953125,66.41548156738281,2.0084640979766846,316.2034912109375
65.26901,1.9875288,321.5095,11344.211,81.903755,21.14182,6248.759,34.973595,52.629147,52.6265,2022-04-29 11:00:00,0.0026470000000031746,32.594642639160156,19.06924819946289,82.45623779296875,11502.052734375,5850.365234375,65.28240966796875,2.0045158863067627,313.0254211425781
65.809235,1.8220394,329.65103,10863.02,81.46339,21.215689,6238.9985,34.608025,52.916515,52.93156666666667,2022-04-29 13:00:00,0.015051666666671792,32.64450454711914,19.68379783630371,82.85250091552734,11545.6181640625,5822.20263671875,64.8868179321289,2.0157699584960938,314.2994384765625
65.7606,1.8228375,328.9385,11448.6455,82.609055,20.935837,6192.2036,35.31634,52.929157,52.93156666666667,2022-04-29 13:00:00,0.0024096666666721944,32.64450454711914,19.68379783630371,82.85250091552734,11545.6181640625,5822.20263671875,64.8868179321289,2.0157699584960938,314.2994384765625
65.85633,1.8121356,317.92822,11461.769,81.99009,21.206566,6277.782,34.921566,53.049236,53.05018333333334,2022-04-29 17:00:00,0.0009473333333360756,32.62327194213867,19.214174270629883,82.66187286376953,11533.4580078125,5836.982421875,65.27544403076172,2.0065436363220215,315.127197265625
65.733406,1.8420348,318.77704,11254.315,82.28649,20.988195,6178.466,34.81006,52.64502,52.63241666666666,2021-12-09 08:00:00,0.01260333333334529,31.953506469726562,14.624024391174316,81.08011627197266,11580.197265625,5676.9716796875,66.9493637084961,2.085660457611084,310.6588134765625
66.436745,1.8376459,319.23303,11346.621,82.623474,21.091312,6229.09,35.1387,52.895473,52.89835,2021-12-09 22:00:00,0.00287699999999802,31.980266571044922,14.279120445251465,81.0718002319336,11586.005859375,5635.33935546875,66.91041564941406,2.0669755935668945,308.8180847167969
65.39752,1.9352596,317.91446,11590.711,82.78364,21.140593,6245.6123,34.820263,52.470818,52.44683333333333,2021-12-10 23:00:00,0.023984666666670762,32.15013885498047,14.614911079406738,80.98611450195312,11547.04296875,5685.6240234375,66.14588928222656,2.0285186767578125,310.45770263671875
65.24278,1.6910996,309.31155,11490.888,82.31545,20.940317,6229.7075,35.30736,52.45825,52.44683333333333,2021-12-10 23:00:00,0.011416666666669073,32.15013885498047,14.614911079406738,80.98611450195312,11547.04296875,5685.6240234375,66.14588928222656,2.0285186767578125,310.45770263671875
65.7941,1.8322635,328.94025,11475.779,82.977615,21.071657,6236.0513,35.323235,52.66817,52.66583333333333,2021-12-10 14:00:00,0.0023366666666717606,32.16055679321289,14.723149299621582,81.04496765136719,11544.716796875,5700.6357421875,66.17916107177734,2.025137424468994,311.6088562011719
65.93518,1.8318545,319.6114,10894.344,82.093285,20.973543,6198.454,35.394512,52.820442,52.81873333333333,2021-12-09 20:00:00,0.0017086666666727979,32.043670654296875,14.450011253356934,81.02169036865234,11561.9423828125,5684.240234375,66.76595306396484,2.05256724357605,310.1605224609375
65.70602,1.8230739,314.9428,11286.573,81.01811,21.03267,6281.335,34.99539,52.754158,52.75846666666666,2022-05-17 22:00:00,0.004308666666666738,32.98203659057617,18.741605758666992,82.589599609375,11436.9228515625,5915.240234375,64.89177703857422,1.9135876893997192,323.2357177734375
66.74865,1.8097905,323.516,11494.608,82.290115,20.822514,6168.5356,35.202606,53.056534,53.05018333333334,2022-04-29 17:00:00,0.006350666666662619,32.62327194213867,19.214174270629883,82.66187286376953,11533.4580078125,5836.982421875,65.27544403076172,2.0065436363220215,315.127197265625
65.72028,1.9966187,316.48816,10586.868,81.1057,21.126612,6123.6597,35.370327,52.569443,52.566833333333335,2021-12-08 23:00:00,0.002609666666664623,32.09196090698242,14.718413352966309,81.00020599365234,11565.2412109375,5689.9052734375,66.19991302490234,2.045741081237793,310.7821044921875
66.18313,1.7860332,319.21646,11109.043,82.10754,21.190779,6215.7085,35.540703,52.703583,52.703,2021-12-09 07:00:00,0.00058299999999889,31.996057510375977,14.467118263244629,81.11363220214844,11584.0068359375,5650.9541015625,66.733642578125,2.0660758018493652,309.8409729003906
66.198135,1.8156068,318.10526,11058.891,81.35229,20.638737,6201.42,35.361465,51.79607,51.77163333333333,2021-12-11 06:00:00,0.024436666666673545,32.38654708862305,15.224496841430664,80.63908386230469,11437.015625,5809.96240234375,65.66084289550781,1.9823695421218872,311.5307922363281
65.73756,1.7874721,318.6559,11164.6455,82.253914,20.92629,6187.656,34.94495,52.476597,52.49766666666667,2021-12-10 00:00:00,0.021069666666669207,32.0750732421875,14.540167808532715,80.97693634033203,11545.9189453125,5700.68310546875,66.66594696044922,2.0460174083709717,310.4876403808594
65.50621,1.8259481,324.20798,11475.835,81.858765,20.912596,6406.1846,35.196495,52.94797,52.95771666666667,2021-12-12 10:00:00,0.0097466666666719,32.15338897705078,15.129646301269531,81.47303009033203,11533.0615234375,5728.90576171875,66.6532974243164,2.0255417823791504,315.0340881347656
66.12337,1.8109318,318.37195,11040.858,81.592735,21.309584,6298.4863,35.546627,52.62725,52.6265,2022-04-29 11:00:00,0.0007499999999964757,32.594642639160156,19.06924819946289,82.45623779296875,11502.052734375,5850.365234375,65.28240966796875,2.0045158863067627,313.0254211425781
66.283516,1.776039,321.6107,11100.8955,80.469086,21.20908,6290.3257,35.786842,52.135017,52.16065714285714,2021-12-10 06:00:00,0.025640142857142223,32.164493560791016,14.548389434814453,80.83300018310547,11517.5615234375,5712.05078125,66.19637298583984,2.023691415786743,309.0162658691406
65.33999,1.8782617,326.76068,10628.473,82.05907,20.952076,6162.899,35.41029,52.287502,52.29866666666667,2021-12-09 13:00:00,0.011164666666665823,32.06625747680664,15.055814743041992,80.8495101928711,11532.41796875,5753.60302734375,66.49488830566406,2.049614429473877,312.1085205078125
65.47288,1.7401735,314.04416,10638.912,81.20224,21.219126,6262.519,35.676945,52.602085,52.60511666666667,2021-12-12 01:00:00,0.0030316666666649894,32.21453094482422,15.27086353302002,81.89514923095703,11519.1552734375,5726.1416015625,66.58003234863281,2.017967700958252,317.2558898925781
66.49806,1.7530199,307.51428,11139.778,81.90978,21.002317,6217.1733,35.77119,52.07147,52.09933333333333,2021-12-09 21:00:00,0.02786333333332891,32.1546745300293,14.82177734375,80.46721649169922,11462.96484375,5812.783203125,66.30712890625,2.0296807289123535,311.4342041015625
66.29358,1.7935764,313.54532,10738.776,80.20706,20.918222,6268.056,35.34168,52.242413,52.2443,2021-12-09 17:00:00,0.0018870000000035247,32.13838195800781,14.590117454528809,80.7421646118164,11509.2646484375,5751.3720703125,66.256103515625,2.030688524246216,309.79876708984375
65.74555,1.8064355,315.06534,10819.576,80.9572,21.25217,6261.7017,35.345802,52.379158,52.378366666666665,2021-12-09 16:00:00,0.0007913333333320338,32.08720779418945,14.533503532409668,80.86615753173828,11532.3974609375,5740.91943359375,66.36598205566406,2.0477025508880615,310.4809875488281
65.470406,1.7539874,322.3764,10688.129,81.06779,21.149649,6335.9883,35.718163,52.47922,52.49766666666667,2021-12-10 00:00:00,0.018446666666669387,32.0750732421875,14.540167808532715,80.97693634033203,11545.9189453125,5700.68310546875,66.66594696044922,2.0460174083709717,310.4876403808594
65.3417,1.7662016,315.47708,11498.472,81.233894,20.686283,6355.73,36.227673,52.244102,52.2443,2021-12-09 17:00:00,0.0001980000000045834,32.13838195800781,14.590118408203125,80.7421646118164,11509.2646484375,5751.3720703125,66.256103515625,2.030688524246216,309.79876708984375
66.896164,1.7300563,309.5602,11209.597,81.63952,20.793388,6404.974,35.550728,51.37776,51.25066666666667,2021-12-11 09:00:00,0.1270933333333346,32.149967193603516,15.131166458129883,81.09812927246094,11492.3134765625,5776.13427734375,66.59825897216797,2.0242230892181396,315.8409423828125
65.69016,1.6911652,320.7618,11029.86,80.76591,21.089363,6300.8125,35.80347,52.16722,52.16065714285714,2021-12-10 06:00:00,0.006562857142860423,32.164493560791016,14.548389434814453,80.83300018310547,11517.5615234375,5712.05078125,66.19637298583984,2.023691415786743,309.0162658691406
65.69287,1.7937728,320.59744,10644.586,80.04142,20.899326,6390.396,35.408783,50.087288,49.97251666666667,2022-04-20 06:00:00,0.11477133333333,33.30134963989258,18.048030853271484,80.82063293457031,11260.87890625,6034.54541015625,63.44279098510742,1.9057233333587646,302.4145812988281
65.52802,1.6976889,324.189,11211.899,81.10776,20.647263,6380.2905,35.74144,51.438175,51.57633333333333,2021-12-11 03:00:00,0.1381583333333296,32.383323669433594,15.34148120880127,80.54634094238281,11441.3447265625,5840.994140625,65.4750747680664,1.9885523319244385,313.8249816894531
65.39978,1.714424,315.94522,11043.312,80.83273,21.0173,6283.344,35.933514,51.3897,51.25066666666667,2021-12-11 09:00:00,0.13903333333333023,32.149967193603516,15.131165504455566,81.09812927246094,11492.3134765625,5776.13427734375,66.59825897216797,2.0242230892181396,315.8409423828125
65.42273,1.731321,308.40613,11148.175,80.475266,21.199118,6365.421,36.26591,52.093117,52.09933333333333,2021-12-09 21:00:00,0.006216333333327384,32.1546745300293,14.82177734375,80.46721649169922,11462.96484375,5812.783203125,66.30712890625,2.0296807289123535,311.4342041015625
65.73692,1.7428917,311.53705,11273.875,80.40448,20.867876,6533.3667,35.49587,50.030956,49.97251666666667,2022-04-20 06:00:00,0.0584393333333324,33.30134963989258,18.048030853271484,80.82063293457031,11260.87890625,6034.54541015625,63.44279098510742,1.9057233333587646,302.4145812988281
65.10947,1.7816104,321.2596,11471.279,80.578026,20.790125,6303.5605,36.07061,52.52047,52.52366666666666,2021-12-10 01:00:00,0.003196666666653414,32.093971252441406,14.469132423400879,80.943359375,11550.2734375,5692.7080078125,66.35265350341797,2.034104108810425,310.2701110839844
65.92056,1.7961167,318.98914,11346.639,80.512794,21.174946,6329.512,35.745975,51.40123,51.25066666666667,2021-12-11 09:00:00,0.15056333333333072,32.149967193603516,15.131165504455566,81.09812927246094,11492.3134765625,5776.13427734375,66.59825897216797,2.0242230892181396,315.8409423828125
64.66477,1.8311294,309.4907,11216.506,81.45806,20.814125,6442.565,36.229137,51.615932,51.57633333333333,2021-12-11 03:00:00,0.03959866666667011,32.383323669433594,15.34148120880127,80.54634094238281,11441.3447265625,5840.994140625,65.4750747680664,1.9885523319244385,313.8249816894531
65.04157,1.8302749,313.96182,10631.465,80.54682,21.20269,6491.2915,36.459934,51.542934,51.57633333333333,2021-12-11 03:00:00,0.03339933333332823,32.383323669433594,15.34148120880127,80.54634094238281,11441.3447265625,5840.994140625,65.4750747680664,1.9885523319244385,313.8249816894531
65.5134,1.8047656,318.28635,11488.26,81.141426,20.947206,6418.2446,36.374012,51.773808,51.77163333333333,2021-12-11 06:00:00,0.002174666666675762,32.38654708862305,15.224496841430664,80.63908386230469,11437.015625,5809.96240234375,65.66084289550781,1.9823695421218872,311.5307922363281
64.66041,1.680769,309.4576,10928.961,80.10565,20.89624,6487.5093,36.170895,51.1918,51.25066666666667,2021-12-11 09:00:00,0.058866666666666845,32.149967193603516,15.131165504455566,81.09812927246094,11492.3134765625,5776.13427734375,66.59825897216797,2.0242230892181396,315.8409423828125
65.58977,1.7393326,316.40112,11424.863,80.90441,21.088837,6456.264,35.993797,51.63188,51.57633333333333,2021-12-11 03:00:00,0.05554666666667174,32.383323669433594,15.34148120880127,80.54634094238281,11441.3447265625,5840.994140625,65.4750747680664,1.9885523319244385,313.8249816894531
64.31945,1.8207477,308.3635,10939.049,80.54646,20.952524,6447.683,36.355263,50.298317,49.97251666666667,2022-04-20 06:00:00,0.32580033333332636,33.30134963989258,18.048030853271484,80.82063293457031,11260.87890625,6034.54541015625,63.44279098510742,1.9057233333587646,302.4145812988281
66.27558,1.8419889,316.41962,10656.505,80.76061,21.288555,6483.4536,36.024555,51.348835,51.25066666666667,2021-12-11 09:00:00,0.09816833333333363,32.149967193603516,15.131165504455566,81.09812927246094,11492.3134765625,5776.13427734375,66.59825897216797,2.0242230892181396,315.8409423828125
65.00326,1.7902228,314.4373,11101.197,80.469315,21.01038,6430.8154,36.532764,50.550713,50.63661666666667,2022-04-23 22:00:00,0.08590366666666682,33.82997512817383,20.085739135742188,81.13239288330078,11292.6318359375,6104.28662109375,62.397544860839844,1.9126982688903809,304.6575927734375
65.02208,1.7908134,316.44888,11405.89,79.65463,20.742907,6515.26,36.320053,50.63653,50.63661666666667,2022-04-23 22:00:00,8.666666666812262e-05,33.82997512817383,20.085739135742188,81.13239288330078,11292.6318359375,6104.28662109375,62.397544860839844,1.9126982688903809,304.6575927734375
65.04376,1.7591848,316.09277,11111.897,80.644394,21.299723,6315.5737,35.92893,51.52919,51.57633333333333,2021-12-11 03:00:00,0.04714333333333087,32.383323669433594,15.34148120880127,80.54634094238281,11441.3447265625,5840.994140625,65.4750747680664,1.9885523319244385,313.8249816894531
65.49079,1.8401866,314.4101,11155.037,80.408905,20.982405,6494.152,36.119717,49.839516,49.84678333333333,2022-05-03 04:00:00,0.0072673333333241885,33.64207458496094,21.65734100341797,79.59812927246094,11200.373046875,6148.6904296875,61.19272232055664,1.7943036556243896,312.08074951171875
63.720184,1.7983512,309.41785,10590.591,80.85181,21.133522,6443.099,36.428585,50.41377,50.63661666666667,2022-04-23 22:00:00,0.22284666666666908,33.82997512817383,20.085739135742188,81.13239288330078,11292.6318359375,6104.28662109375,62.397544860839844,1.9126982688903809,304.6575927734375
64.569664,1.822089,319.15762,10970.557,80.61797,20.411354,6401.231,36.370285,50.663143,50.63661666666667,2022-04-23 22:00:00,0.026526333333329433,33.82997512817383,20.085739135742188,81.13239288330078,11292.6318359375,6104.28662109375,62.397544860839844,1.9126982688903809,304.6575927734375
65.66786,1.8027698,317.1001,10624.289,80.47895,20.758244,6345.5083,36.305817,50.318657,50.63661666666667,2022-04-23 22:00:00,0.31795966666666686,33.82997512817383,20.085739135742188,81.13239288330078,11292.6318359375,6104.28662109375,62.397544860839844,1.9126982688903809,304.6575927734375
64.76302,1.8062621,316.98965,10609.016,80.16,21.076551,6544.9707,36.06557,50.605812,50.63661666666667,2022-04-23 22:00:00,0.030804666666668368,33.82997512817383,20.085739135742188,81.13239288330078,11292.6318359375,6104.28662109375,62.397544860839844,1.9126982688903809,304.6575927734375
64.19023,1.7169101,309.35068,10627.454,80.46502,21.170927,6570.531,36.189217,48.231262,48.169900000000005,2022-04-28 16:00:00,0.061361999999995476,39.53390884399414,29.981298446655273,79.41368103027344,10441.5126953125,7068.6494140625,58.41835021972656,1.318152904510498,305.8345947265625
65.23876,1.8277706,315.27188,10611.845,80.697876,20.731285,6567.454,36.829,48.863403,48.90491666666667,2022-04-28 23:00:00,0.041513666666674,33.544002532958984,21.0457706451416,79.9920425415039,11204.1845703125,6105.0400390625,60.75523376464844,1.8381129503250122,304.909912109375
65.18508,1.7555637,317.11438,11156.945,79.75775,20.761454,6527.975,36.998104,50.509144,50.63661666666667,2022-04-23 22:00:00,0.12747266666666945,33.82997512817383,20.085739135742188,81.13239288330078,11292.6318359375,6104.28662109375,62.397544860839844,1.9126982688903809,304.6575927734375
64.67874,1.8040025,315.76447,10604.806,79.76964,21.138514,6546.302,36.38746,50.59906,50.63661666666667,2022-04-23 22:00:00,0.03755666666666713,33.82997512817383,20.085739135742188,81.13239288330078,11292.6318359375,6104.28662109375,62.397544860839844,1.9126982688903809,304.6575927734375
63.277992,1.699485,316.8244,10636.761,79.374504,20.409012,6534.4385,36.30522,50.034737,49.97251666666667,2022-04-20 06:00:00,0.06222033333332888,33.30134963989258,18.048030853271484,80.82063293457031,11260.87890625,6034.54541015625,63.44279098510742,1.9057233333587646,302.4145812988281
64.38065,1.7667902,309.69272,10627.918,79.35988,21.010939,6549.977,36.262703,50.066822,49.97251666666667,2022-04-20 06:00:00,0.09430533333333102,33.30134963989258,18.048030853271484,80.82063293457031,11260.87890625,6034.54541015625,63.44279098510742,1.9057233333587646,302.4145812988281
64.55951,1.7026068,314.4793,10604.834,79.95689,20.963547,6459.205,36.135677,49.516487,49.479283333333335,2022-04-28 21:00:00,0.03720366666666308,33.385406494140625,20.81930160522461,80.07273864746094,11197.146484375,6109.33154296875,61.31575393676758,1.8414376974105835,302.1851501464844
63.558952,1.7701803,310.8413,10625.17,80.43032,20.601492,6513.7007,36.72163,49.86056,49.84678333333333,2022-05-03 04:00:00,0.0137766666666721,33.6420783996582,21.65734100341797,79.59812927246094,11200.373046875,6148.6904296875,61.192718505859375,1.7943036556243896,312.08074951171875
64.17189,1.7443966,315.8726,10610.31,79.968834,21.060762,6623.5044,36.941826,50.07702,49.97251666666667,2022-04-20 06:00:00,0.10450333333332651,33.30134963989258,18.048030853271484,80.82063293457031,11260.87890625,6034.544921875,63.44279098510742,1.9057233333587646,302.4145812988281
63.09132,1.7297337,317.1502,10673.372,79.61593,20.49841,6561.1274,36.373837,48.946415,48.90491666666667,2022-04-28 23:00:00,0.04149833333332964,33.544002532958984,21.0457706451416,79.9920425415039,11204.1845703125,6105.0400390625,60.75523376464844,1.8381129503250122,304.909912109375
63.323967,1.7127056,310.01944,10628.46,79.78364,20.665817,6551.042,36.593372,49.753944,49.84678333333333,2022-05-03 04:00:00,0.09283933333333039,33.64207458496094,21.65734100341797,79.59812927246094,11200.373046875,6148.6904296875,61.19272232055664,1.7943036556243896,312.08074951171875
63.597157,1.7583678,320.1647,10607.325,80.188286,21.02743,6541.925,36.902824,48.222458,48.169900000000005,2022-04-28 16:00:00,0.05255799999999766,39.533912658691406,29.981298446655273,79.41368103027344,10441.5126953125,7068.6494140625,58.4183464050293,1.318152904510498,305.8345947265625
63.764706,1.7619158,312.54922,10557.58,79.25058,21.03199,6595.6924,36.055614,49.263588,49.479283333333335,2022-04-28 21:00:00,0.21569533333333624,33.385406494140625,20.81930160522461,80.07273864746094,11197.146484375,6109.33154296875,61.31575393676758,1.8414376974105835,302.1851501464844
64.25384,1.6871098,309.90088,10609.172,80.08675,20.354622,6685.158,37.132835,49.778336,49.84678333333333,2022-05-03 04:00:00,0.06844733333332442,33.64207458496094,21.65734100341797,79.59812927246094,11200.373046875,6148.6904296875,61.19272232055664,1.7943036556243896,312.08074951171875
63.243652,1.7343675,318.60837,10607.807,80.12145,20.736153,6401.6133,37.092743,49.126575,48.90491666666667,2022-04-28 23:00:00,0.2216583333333304,33.544002532958984,21.0457706451416,79.9920425415039,11204.1845703125,6105.0400390625,60.75523376464844,1.8381129503250122,304.909912109375
62.860157,1.5903918,309.83557,10639.225,79.09246,21.241962,6658.09,36.71024,49.36688,49.479283333333335,2022-04-28 21:00:00,0.11240333333333297,33.385406494140625,20.81930160522461,80.07273864746094,11197.146484375,6109.33154296875,61.31575393676758,1.8414376974105835,302.1851501464844
64.44655,1.6862799,318.76013,10642.106,79.6647,20.710615,6605.9014,36.628777,50.409214,50.63661666666667,2022-04-23 22:00:00,0.22740266666666997,33.82997512817383,20.085739135742188,81.13239288330078,11292.630859375,6104.287109375,62.397544860839844,1.9126982688903809,304.6575927734375
63.502735,1.7300191,318.24466,10601.575,79.17566,20.622742,6501.568,36.92047,48.604607,48.63808333333333,2021-11-30 17:00:00,0.03347633333332567,35.930992126464844,20.673343658447266,79.03205871582031,10893.2900390625,6560.82763671875,59.99861145019531,1.6291794776916504,312.15435791015625
63.570335,1.7349921,315.22144,10604.763,79.180145,20.7813,6606.7334,37.51505,48.384533,48.38446666666667,2021-11-30 10:00:00,6.63333333292826e-05,36.863975524902344,21.650163650512695,79.0347671508789,10820.2998046875,6708.0673828125,59.81560134887695,1.5737476348876953,320.5139465332031
63.883823,1.68813,311.2081,10581.482,79.292274,21.27204,6646.8433,36.819977,47.74511,47.717000000000006,2021-12-01 11:00:00,0.028109999999990976,37.31882095336914,21.00171661376953,78.83885192871094,10726.3876953125,6798.80859375,59.57465362548828,1.5704997777938843,316.46234130859375
63.431583,1.7163552,317.82956,10584.29,79.17579,21.16351,6670.9014,37.477604,48.000362,47.94321666666667,2022-04-30 21:00:00,0.05714533333333094,37.649192810058594,29.60077476501465,79.3741455078125,10430.5302734375,7075.01416015625,58.18186569213867,1.4579944610595703,294.558837890625
62.543243,1.6990131,317.17014,10593.118,79.74176,20.835142,6638.7583,37.13907,49.003353,48.90491666666667,2022-04-28 23:00:00,0.09843633333332491,33.544002532958984,21.0457706451416,79.9920425415039,11204.1845703125,6105.0400390625,60.75523376464844,1.8381129503250122,304.909912109375
62.185368,1.7507597,314.56207,10606.6455,79.30328,21.004162,6656.3545,37.256565,47.754646,47.717000000000006,2021-12-01 11:00:00,0.03764599999999518,37.31882095336914,21.00171661376953,78.83885192871094,10726.3876953125,6798.80859375,59.57465362548828,1.5704997777938843,316.46234130859375
62.993393,1.6641257,322.78546,10608.741,79.223854,20.26515,6662.0654,37.38822,48.03852,48.0647,2022-04-27 16:00:00,0.026180000000003645,34.32298278808594,21.145009994506836,79.644287109375,11094.2724609375,6249.53857421875,60.147281646728516,1.7287191152572632,309.510498046875
63.684303,1.6656115,315.39597,10569.073,79.49351,20.795826,6711.3584,37.659843,48.16991,48.169900000000005,2022-04-28 16:00:00,9.999999996068709e-06,39.533912658691406,29.981298446655273,79.41368103027344,10441.5126953125,7068.6494140625,58.4183464050293,1.318152904510498,305.8345947265625
