TS_Pcomp,TS_Pscav,TS_Texh,TS_Ntc,TS_Pmax,TS_PR,TS_Ntc_Pscav,TS_Pcomp_Pscav,Estimated engine load(ems)
65.12457,1.8104085,325.22083,11351.127,82.82541,20.344446,5891.745,33.97661,53.547894
65.1122,1.8377386,327.23276,11313.426,82.067345,20.403206,5933.868,33.94688,53.51982
64.858826,1.9577557,324.86957,11399.34,82.21765,20.393932,6020.097,33.99112,53.35317
64.93444,1.8676665,330.53955,11117.899,82.15783,20.232372,5990.183,33.839344,53.483562
64.86736,1.9193071,328.995,11481.137,82.67971,20.28308,5898.534,33.801895,52.77527
64.72052,1.9432167,322.9038,11140.261,82.16713,20.201952,5951.5303,33.99185,53.651047
65.120224,1.9297692,328.4273,11187.069,82.69511,20.194048,6002.1763,33.886066,53.86988
65.0464,1.9464653,317.92944,11095.918,82.63274,20.129272,5918.617,33.868763,53.255535
65.073,1.8726835,326.84824,11339.673,82.24157,20.68334,5955.542,33.820766,53.105038
64.65286,1.8447334,322.94785,11311.489,81.98854,20.385748,5979.6543,34.098206,53.274864
64.800354,1.8460971,324.40906,11162.285,81.76458,20.12891,5973.284,33.94967,53.323654
65.04978,1.914684,334.06033,11302.257,81.93582,20.298403,5945.607,34.076664,53.13418
65.03133,1.9117568,326.48013,11447.607,82.21175,20.53832,5974.949,34.126724,53.234814
64.981316,1.9499466,321.54532,11407.258,82.36758,20.168205,5981.2847,34.13886,53.410976
64.97681,1.8894722,323.00912,11493.897,82.71485,20.701427,6001.9873,34.058037,53.432896
65.24171,1.9355259,320.42038,11147.739,82.54323,20.381636,5926.8613,33.85367,53.2369
64.64056,2.0279,319.81055,11214.816,82.391815,20.480883,5950.0317,34.03914,53.375782
64.93249,1.9268267,323.37943,11300.357,81.94643,20.19958,5968.771,34.03901,53.153313
64.86138,1.8781172,327.06888,11362.301,81.54118,20.631174,5979.8477,34.198307,53.74091
64.90065,1.869203,324.94144,11257.024,82.026054,20.319963,5906.777,34.07326,52.967808
64.82575,1.9144207,322.9532,11152.809,82.39787,20.33497,6024.1323,34.127388,53.647404
64.543045,1.8789889,321.38425,11275.806,82.149864,20.727528,6062.533,34.17347,53.018105
64.861534,1.9827096,324.90012,11301.709,81.59464,20.289165,5988.9595,34.07031,53.10652
64.7622,1.9369644,326.07227,11394.752,81.746254,20.617891,6053.0522,34.06593,53.519722
64.78391,1.9435289,321.83246,11316.256,82.25411,20.589314,5989.3193,34.024776,53.014446
64.73786,1.8891785,324.3327,11121.739,81.849686,20.398026,6043.7637,33.99467,53.523083
64.904144,1.8739727,320.02676,11045.3,82.763435,20.662859,6091.8555,34.194927,53.17046
65.08046,1.8762047,326.40067,11234.288,81.97886,20.391865,6057.4434,34.147957,52.97117
64.25122,1.8883061,327.91672,11136.855,81.86642,20.354853,6087.36,34.057495,52.981808
64.55019,1.8948191,329.53687,11002.432,82.43795,20.539576,6140.32,34.329998,52.87304
64.745056,1.9636141,320.93283,11138.671,82.21283,20.771664,6194.9585,34.12246,53.04449
64.01066,1.8900534,320.0243,11281.626,81.41638,20.403673,6117.956,34.01895,53.087547
64.0421,1.9123533,323.89908,10963.894,81.439674,20.454258,6068.7153,34.37002,53.033802
64.09194,1.8733221,324.10324,11444.588,81.351204,20.940746,6137.036,34.624306,52.884388
64.792946,1.8491114,319.50537,11160.553,82.24742,20.373991,6238.873,34.468243,52.83804
64.04713,1.8522145,323.38828,11375.559,81.30604,20.46801,6124.7,34.524914,52.77045
64.75406,1.9055897,326.48917,11134.669,81.327934,20.41288,6170.6436,34.373272,52.67293
63.32792,1.9399608,322.77023,11233.921,81.6888,20.299204,6130.1616,34.30301,51.963272
63.943817,1.8695638,322.36612,11464.0,81.7213,20.679966,6184.6177,34.033295,52.94617
64.802,1.8575246,321.50464,11201.928,81.24181,20.743261,6104.0127,34.72548,52.84721
64.46068,1.8699232,321.48367,11258.538,81.68924,20.382366,6240.6855,34.127586,52.3355
64.96853,1.9368806,316.15842,11322.539,81.40447,20.928986,6172.048,34.613552,53.040524
64.46982,1.8465031,322.1623,11615.894,81.45003,20.789026,6208.1846,34.511463,53.01412
63.609425,1.8902364,321.25864,11129.187,81.24233,20.535805,6171.9854,34.649372,52.5861
63.907948,1.8454801,327.11932,11321.1455,81.628105,20.612032,6269.6904,34.807816,52.941833
64.05265,1.8451408,320.15985,11015.836,82.48426,20.399529,6210.26,34.65244,52.709465
64.31469,1.8433034,321.79666,11514.597,81.20218,20.891308,6153.414,34.894974,52.805634
63.9684,1.8406583,320.6817,11290.396,81.396324,20.944025,6225.091,34.79098,52.867558
64.416275,1.8552579,318.74545,11297.083,81.18231,20.454239,6257.9697,34.787045,52.93388
64.95934,1.8678195,324.12897,11290.485,81.385345,20.750381,6178.266,34.6581,52.80699
64.95458,1.9249359,322.98407,11244.322,81.27804,20.89016,6129.172,34.898693,52.723885
64.33462,1.846696,316.7683,10722.74,81.49963,20.925524,6270.0596,34.84774,52.07315
63.69696,1.8462708,324.61765,11017.449,81.541176,20.874372,6144.2495,34.978844,52.781902
63.926533,1.8381371,320.54358,11036.267,81.382965,20.851065,6133.0405,34.99012,52.72203
64.95348,1.8384598,329.36047,11264.112,81.78073,20.871664,6249.6865,34.52697,52.354782
65.3262,1.8303499,317.53674,11057.074,81.070305,20.66786,6297.7207,34.81899,52.260605
64.833786,1.842762,320.6215,10788.638,81.37626,20.856699,6344.8223,35.173977,52.10535
64.34155,1.7693129,320.40787,10937.381,81.30272,21.02519,6340.284,34.980415,52.18525
63.72458,1.8387084,325.82373,10844.68,81.258484,21.020884,6276.7617,34.908848,52.199986
63.784904,1.7971294,324.8253,10787.969,81.52513,20.758738,6399.739,35.372982,51.81426
64.750565,1.8476813,320.15897,10877.206,81.05083,20.678785,6261.521,34.84561,51.97657
63.883488,1.8591703,316.68903,11260.188,81.14468,20.760458,6374.862,35.052376,51.81364
63.765522,1.6986281,323.44748,10995.081,81.37761,20.987085,6307.337,35.45441,51.890335
64.79042,1.8406686,320.60733,11153.346,81.45579,20.876171,6345.937,34.931618,52.353928
65.0029,1.8603722,324.08035,11332.611,80.95724,20.738245,6363.0264,35.238758,51.4535
63.92955,1.7588122,321.48816,10871.746,80.91129,20.5157,6328.3403,35.48419,51.341633
65.1174,1.805562,316.51028,11187.067,80.93336,20.707315,6351.616,34.952824,51.43421
64.27555,1.8417425,319.1189,11470.58,81.51653,20.816885,6363.767,35.770782,51.227722
63.90729,1.8030384,314.93314,11071.129,80.90241,20.927969,6426.944,35.779896,52.28629
64.627846,1.809842,323.83075,11062.23,81.04772,20.437918,6398.3257,35.216713,51.70854
64.33144,1.6799182,321.99515,10976.667,81.0304,20.894072,6488.331,34.857788,51.761833
63.71468,1.7666807,316.45786,11330.294,80.77963,20.736443,6480.885,34.824745,51.5422
64.28052,1.6543059,320.94498,11074.287,80.96719,20.920973,6465.1914,35.740486,50.953136
64.1917,1.8393084,329.15082,11375.596,80.98206,20.833092,6382.767,35.93563,51.418926
63.749104,1.8351876,321.5173,11193.602,80.91614,20.979565,6392.498,35.95849,51.3616
65.12961,1.7790874,317.52158,11112.919,80.976616,20.854767,6428.1826,35.88521,51.147137
64.581154,1.79066,316.97903,11145.704,80.98804,20.722605,6354.5894,35.42928,51.521397
63.871784,1.7143594,322.65558,10941.615,80.8617,20.986073,6349.421,35.844173,50.98721
62.963295,1.7741548,322.4552,11120.568,80.96269,20.75855,6486.888,36.091213,51.12469
64.20956,1.8276359,313.9699,10867.545,80.75703,20.920454,6434.912,36.237175,49.74854
64.285324,1.7991208,326.30765,11060.791,80.82814,20.904556,6460.5947,35.694252,51.45369
64.218994,1.7657182,325.33618,11033.713,80.81384,21.033264,6330.118,35.89789,51.008255
63.932926,1.8145137,326.4045,11125.63,80.45621,21.01774,6507.5654,36.10707,49.174374
63.752926,1.7495112,317.6899,10701.157,80.8259,20.816319,6409.8975,36.071087,50.551205
64.00708,1.739115,320.36798,10631.672,80.78285,21.018152,6465.45,36.0656,49.796112
63.877327,1.7805964,319.9223,10932.682,80.88185,21.119135,6406.729,36.13105,50.248802
65.1335,1.7976456,325.66586,10681.942,80.680214,21.017164,6549.9253,36.001522,50.19801
65.06659,1.6606035,313.8733,10898.172,80.75159,20.730673,6580.0347,36.463,50.636097
64.67299,1.8056127,326.1393,10731.222,80.71904,20.990028,6562.7744,36.006462,49.446747
63.747925,1.7393812,324.29858,10849.076,80.54876,21.053198,6633.185,36.365208,50.08252
64.12633,1.778112,325.84402,10635.104,80.76017,20.961327,6428.3623,36.45478,50.75604
63.698822,1.7891147,316.72427,10681.514,80.32218,20.991081,6503.2754,36.83294,49.300053
64.26088,1.6752892,323.24518,10631.778,80.498184,21.03491,6622.048,36.380047,50.430157
63.680103,1.6659421,326.25232,10797.336,80.372475,20.973675,6442.1387,36.10431,48.75573
63.24245,1.8066235,317.8471,10683.232,80.68533,20.61266,6506.922,36.528946,50.237103
65.052895,1.761263,323.9824,10637.07,80.72222,20.944792,6588.778,36.186035,49.87798
63.423157,1.6771599,324.3222,10637.253,80.373795,21.072348,6536.956,36.00336,48.763844
62.137886,1.6718464,323.5995,10596.987,80.64857,20.568016,6540.8403,36.05514,48.461456
63.946915,1.7084564,321.53473,10618.102,80.186295,20.7695,6332.3765,36.294292,49.273163
64.15921,1.7631886,325.14163,10620.13,80.36831,20.812653,6515.337,36.686028,50.68367
64.105194,1.8190925,323.92047,10656.981,80.621666,20.739677,6623.5483,36.130333,49.873615
64.30763,1.6829071,320.44717,10635.52,80.5066,20.62945,6630.2095,36.390923,49.105152
64.60949,1.7731402,324.87662,10755.418,80.6047,21.127886,6544.8784,35.92866,50.181488
62.85447,1.7417887,322.78903,10627.237,80.49799,20.84222,6346.108,36.031025,49.936317
64.04454,1.6883733,322.63535,10634.209,80.385994,20.992159,6511.151,35.983624,50.015614
64.93406,1.7625396,324.09164,10622.589,80.36651,21.017727,6572.7554,35.87255,50.105824
63.11365,1.8063846,316.49957,10795.786,80.28049,20.911228,6582.477,36.27158,49.48169
63.616245,1.701327,325.2901,10629.967,80.353615,20.870617,6388.537,36.20829,50.30519
64.45263,1.7788332,324.25674,10636.618,80.18651,20.973629,6559.57,36.380253,48.233494
63.926064,1.7748288,326.1222,10774.313,80.37597,20.944714,6574.5312,36.243,49.634644
64.0369,1.8004559,310.46585,10756.025,80.5712,20.754166,6435.8267,36.553207,49.561985
64.48916,1.7497205,323.44653,10743.504,80.47272,20.86777,6359.325,35.783497,50.815624
63.832127,1.790747,321.32828,10621.592,80.228134,21.04603,6555.6035,36.61312,49.96743
64.78234,1.7725632,317.91745,10644.029,80.484436,21.003689,6414.5327,36.210518,48.336914
64.52599,1.7800727,321.64777,10722.464,80.33328,20.77999,6558.4116,36.5464,50.711235
64.31896,1.7231238,323.29462,10617.588,80.49382,20.72439,6572.6777,35.995182,49.638725
63.557854,1.7445108,318.87106,10805.365,80.560394,20.931654,6601.5435,36.507847,50.328255
63.904037,1.7829652,323.6468,10810.367,80.28116,20.92665,6509.477,36.51062,50.275223
63.482502,1.7194211,310.3382,10617.852,80.17873,21.036718,6531.9565,36.45357,48.977295
63.561665,1.7460598,319.43582,10620.858,80.255745,20.87161,6559.044,35.798923,50.612617
64.87194,1.7014964,322.4876,10639.858,80.16161,21.085688,6462.798,36.25526,49.289467
65.001785,1.7882478,319.24237,10686.248,80.42017,21.005949,6308.9126,35.58827,50.276768
64.787384,1.803679,323.056,10683.143,80.221146,20.78432,6604.5796,36.56932,49.90684
64.32349,1.6098115,323.95502,10619.614,80.430756,20.91966,6431.4507,36.54202,49.512955
63.394203,1.7825606,319.60587,10774.318,80.04355,20.596037,6472.307,36.460518,50.39187
64.741776,1.7503681,322.12915,10628.381,80.53721,20.97846,6571.787,36.02526,50.21973
63.55395,1.7651778,323.65402,10784.589,80.62417,20.62441,6496.691,35.64673,48.92115
63.842777,1.6887891,317.70575,10717.137,80.42599,20.922089,6562.2046,36.367805,50.212288
62.538498,1.7364715,319.89996,10624.945,79.90179,21.096657,6651.3726,36.38591,49.488514
63.961864,1.745342,321.4222,10627.974,80.55201,20.796581,6584.0645,36.700516,48.163593
64.67226,1.7849865,323.66827,10766.131,80.405106,20.835192,6575.6562,35.991352,49.61084
64.56209,1.7362585,319.0813,10624.491,80.18568,20.645845,6558.9146,36.19566,50.00293
61.751118,1.7746359,318.47485,10649.901,80.28953,20.566181,6637.3687,36.12649,49.393513
64.93135,1.7853706,321.8478,10718.137,80.374695,20.705011,6548.089,36.481125,49.67632
63.056297,1.7433375,316.236,10643.76,80.01311,20.946115,6360.5747,35.8638,49.94499
63.816933,1.7333732,321.87445,10767.897,80.116745,20.917301,6533.251,36.49307,50.434105
64.41132,1.7266244,320.54282,10633.705,80.60791,20.982868,6617.5493,36.18614,49.455418
64.52569,1.7002618,310.16217,10637.772,80.454575,21.04435,6542.748,36.682194,49.984993
63.595932,1.7476381,323.64368,10614.362,80.29003,20.903748,6531.661,36.39641,49.696888
64.913345,1.761365,317.22565,10738.378,80.37307,20.95426,6599.658,36.53857,48.70829
64.19569,1.6104836,323.3604,10642.5,80.62702,20.959763,6612.8613,36.493156,48.61168
63.110508,1.7652451,309.6724,10673.217,79.82479,20.983107,6522.63,35.937748,49.88634
64.154205,1.7268541,325.78024,10726.635,80.03901,20.850708,6539.3374,36.47971,49.269756
64.80109,1.7848892,320.7723,10631.389,80.16774,21.088892,6500.6323,36.801758,50.196514
61.97239,1.730418,317.5618,10607.206,80.098816,20.961555,6535.603,36.21489,48.40726
62.324726,1.7814238,306.7521,10686.52,80.064575,20.947428,6601.5005,35.626484,49.67036
63.472664,1.7950463,319.13153,10746.738,80.131195,20.989954,6573.563,35.73943,50.251923
64.34075,1.7374088,318.3421,10619.423,79.67747,20.87753,6547.795,36.4193,47.837807
64.82743,1.7755234,316.61426,10618.557,79.82208,20.739239,6604.4653,36.41927,48.955
64.821556,1.7761018,320.508,10734.902,79.69406,20.746534,6568.747,35.572685,48.688194
64.93184,1.6963716,309.81137,10628.327,80.34522,21.011404,6608.094,35.832455,49.766422
64.884094,1.7936941,320.99503,10803.878,80.16062,21.107693,6541.4653,36.511517,49.925995
64.745026,1.6942761,315.91943,10724.333,79.79722,20.645996,6565.989,36.57401,49.099426
63.355736,1.759857,323.00476,10591.657,80.03532,20.482643,6547.2495,36.18825,50.35424
63.819664,1.7836041,321.37808,10599.762,79.90959,21.07178,6521.9087,36.345913,49.36796
63.404064,1.8005792,317.5973,10624.563,79.88985,20.93102,6548.4277,36.314396,49.97276
63.75227,1.7460905,317.27893,10635.004,79.88083,20.753845,6647.551,36.53501,48.78124
64.32123,1.7202055,309.9877,10741.638,80.0875,21.014465,6532.2,35.952534,49.876698
64.77176,1.7405761,315.8,10645.078,79.82818,20.886276,6603.929,36.091137,48.933464
64.86693,1.7722362,308.79843,10614.565,80.49443,20.740269,6562.903,35.84824,49.1742
64.43037,1.8116591,318.30023,10634.698,80.47055,20.62199,6503.443,36.173473,50.882328
63.748665,1.7723141,316.29602,10983.309,80.31851,20.976154,6537.9365,35.644733,50.995575
62.7872,1.7729034,321.6157,10838.54,80.50642,20.531708,6426.784,36.518112,50.974804
64.71637,1.7093316,314.84808,11019.96,80.15201,20.929256,6502.3853,36.01866,50.77378
64.22371,1.6755126,319.71405,10684.48,80.50305,20.591753,6432.874,35.887646,50.64456
65.08135,1.6684812,316.75806,10689.164,79.91559,21.02427,6417.101,36.408543,50.99185
64.92526,1.7034515,320.29672,11069.136,80.049576,20.948627,6442.513,36.116432,50.3329
65.380615,1.8610687,320.9524,11000.491,80.542534,20.955976,6391.9043,35.828785,50.798965
62.877197,1.7911792,309.4214,11005.788,79.86533,20.41125,6484.0693,36.265327,51.29647
63.70037,1.837734,320.51517,11043.474,80.86451,20.63495,6517.95,36.035694,51.31629
65.27929,1.8322058,319.13174,10814.807,80.53047,20.79868,6486.471,35.4613,50.981674
65.26002,1.7544049,319.7749,10893.982,80.44545,20.438557,6448.2773,36.076603,50.246956
65.64997,1.8808868,318.04895,10742.533,80.781136,20.945978,6461.956,35.517967,49.357567
64.42136,1.8342634,320.7618,10971.8955,80.89011,21.027695,6417.1143,35.42199,51.94345
65.077614,1.7381916,319.33334,11173.499,80.85906,20.801165,6383.4966,35.683483,51.50045
65.148766,1.6952507,309.68225,11095.294,80.87381,20.719847,6441.4956,35.391777,51.475304
64.904816,1.8229907,319.99258,11017.131,80.85001,20.927578,6478.1616,36.052776,51.624535
63.54162,1.6894975,314.90778,10982.884,80.58908,20.722235,6228.559,35.529396,52.328625
66.0168,1.8084085,318.3256,11101.954,80.66835,20.614702,6448.29,35.67901,51.864758
65.5841,1.7359065,318.34158,11093.863,81.05288,20.738258,6391.164,35.695713,51.29477
64.16137,1.8363036,319.434,11015.223,81.19796,20.917864,6404.2607,35.66474,51.640083
65.45705,1.7693622,319.2786,11072.927,80.76803,20.961103,6432.0576,35.138714,52.119976
65.566475,1.8669535,317.1213,11091.942,80.26632,21.028532,6350.367,35.75105,51.098877
66.23706,1.8377762,320.89984,11312.176,80.77565,21.017452,6435.625,35.677868,51.42355
65.74763,1.8180524,319.79736,11337.292,80.86206,20.881952,6291.5776,35.47707,52.58967
66.76523,1.7875705,307.6621,11085.76,80.77718,20.702568,6325.2817,35.459747,52.314663
65.449165,1.7968894,325.6156,11418.874,81.06701,20.74138,6263.5166,35.698963,52.18574
65.475204,1.8388333,321.84824,11315.626,80.97228,20.778307,6321.8022,35.68866,51.980343
65.73655,1.9883245,318.483,11122.076,81.313644,20.579731,6422.056,35.78552,52.569206
64.44507,1.9868277,332.37097,10933.537,80.61815,20.595058,6222.7114,35.243423,51.9934
65.96687,1.8281825,320.21368,11092.233,81.13704,20.617964,6320.1865,35.657223,52.297028
66.61083,1.8454603,321.23444,11308.951,81.17971,20.924648,6332.538,35.058437,52.761597
65.42081,1.7714905,309.89883,11292.296,81.63086,20.933014,6319.0938,34.925545,52.19143
65.62475,1.7945558,316.9721,11422.944,81.67147,20.841516,6309.357,35.157906,52.65891
64.91975,1.8311791,309.4195,11111.728,81.57496,20.843569,6376.434,35.382114,52.682716
66.564476,1.8108284,320.55353,11018.566,81.51334,21.030365,6309.7754,35.567677,52.721653
65.66836,1.8416713,317.56372,11212.577,82.285095,20.826212,6329.712,35.339855,52.64988
65.51403,1.8270303,314.79788,11585.088,81.266464,20.657875,6307.2983,34.83558,52.58818
66.60622,1.7485596,314.1403,10950.097,81.30122,21.035633,6293.025,34.89985,52.30999
65.44295,1.8386407,309.27264,11185.172,80.995674,21.05311,6307.601,35.013245,52.706005
66.75724,1.9684268,319.3,11362.325,80.8264,21.145737,6232.7188,35.061787,52.78458
66.55717,1.8431234,309.05267,11412.996,80.6743,20.754143,6266.0664,34.645363,52.66802
65.503105,1.8364844,309.76474,11300.563,80.82967,21.036982,6333.595,34.96584,52.253407
65.594536,2.0052974,322.32492,11141.455,81.91081,21.018461,6204.3276,35.03958,52.456844
65.68437,1.837505,319.21603,10793.346,82.34756,21.030441,6223.965,34.67854,52.681366
65.587036,1.7486963,319.50266,11049.289,81.90474,20.874224,6317.4487,35.12448,52.819496
66.78964,2.011563,314.65237,11466.921,82.28965,20.945892,6227.648,34.86753,52.893547
65.2032,1.8012339,315.112,11417.04,82.677986,20.884317,6116.5254,34.930737,52.566765
64.9298,2.0079274,315.551,11227.613,82.6119,20.396828,6046.424,35.38462,52.85008
65.74742,1.8887486,321.55435,11084.599,81.40117,20.749035,6176.6245,34.673798,53.289143
65.61004,2.0893402,319.123,11468.034,80.77824,20.852144,6200.5938,35.15887,52.92026
66.71984,1.8971552,323.73712,11610.202,81.10526,20.77265,6211.1777,34.630478,52.880825
65.37244,1.778631,318.34155,11506.908,81.597305,20.87708,6279.494,34.419987,52.6914
66.24028,2.0490286,321.96674,11543.237,81.38383,20.758436,6201.441,35.065144,52.855255
66.840454,1.7674402,313.43073,11673.815,82.31886,20.837677,5953.369,34.845596,52.89948
66.731026,1.7873762,327.7757,11478.713,81.09386,20.883404,6272.3057,34.766586,52.74935
66.470856,2.008254,325.2822,11115.906,83.0628,21.075233,6164.1875,34.555367,52.927517
66.36168,1.772778,322.8208,11409.913,83.04737,21.14953,5926.221,34.63197,53.017555
67.262024,1.8202189,324.58923,11161.965,81.90762,20.64872,6171.6826,35.3016,52.801624
65.715706,1.808148,319.1907,11236.385,81.887276,21.102533,6257.052,34.881886,53.12951
65.636,1.982537,324.89185,11598.496,82.669365,21.023361,6129.4233,34.715298,52.92347
65.48249,1.843298,313.7372,11469.993,82.55443,21.078844,6310.2954,35.15261,52.592133
67.176704,1.7756929,315.5672,11597.84,83.095665,21.161886,6051.337,34.500114,52.809383
66.654045,2.0392964,326.7618,11448.672,81.82105,21.121868,6057.498,34.728928,53.06316
66.87645,2.008183,323.73584,11562.333,82.19804,21.147326,6006.8623,34.351856,53.009716
66.975975,1.842101,317.57422,11481.503,82.90874,21.132149,6204.5806,35.0635,52.64956
66.682144,1.9888711,319.3974,11616.718,83.200226,20.601734,6177.1855,34.77044,53.03219
67.07053,1.9066482,313.34756,11563.98,82.52467,21.19872,6088.008,34.67078,52.713833
65.139275,1.9648482,310.01538,11572.883,83.144936,21.028267,6253.114,34.85796,53.18073
65.33771,1.9652939,315.53674,11227.083,83.5478,21.078255,6116.252,34.35639,53.21138
65.81373,1.7967478,320.84604,11466.958,82.35303,20.755507,6174.409,34.53183,52.89183
65.69215,2.0147028,322.37048,11446.659,82.29092,20.68464,6163.289,35.25442,52.608627
66.30684,1.8438582,315.25653,11485.833,82.314835,20.837194,6190.3086,34.373,52.92468
65.77074,1.8453751,317.76706,11450.317,83.03538,20.875078,6211.048,34.863903,52.527283
65.56411,1.9003549,320.81717,11437.387,82.38699,21.015211,6097.735,34.815437,53.107025
65.6314,1.977466,314.28354,11427.075,81.89181,20.959768,6134.0366,34.96326,52.92711
66.394295,1.8947927,320.81683,11357.46,82.7936,21.105743,6036.297,34.823402,53.185722
66.16685,1.9565318,316.28055,11430.063,83.01072,20.843267,6314.1206,34.267063,53.065098
65.55963,1.8330356,316.0105,11484.75,82.067474,20.649933,6197.676,34.657513,52.93076
64.81563,1.8426385,319.37006,11564.285,82.886604,21.10402,6095.8896,34.82693,53.068214
66.22637,1.8413308,324.46494,11060.035,83.03606,20.89083,6102.2007,34.677963,53.1981
65.9662,1.8431361,316.25803,11291.946,81.36459,20.825975,6029.859,34.279278,53.008553
66.84008,1.79721,316.97742,11543.807,82.8075,20.838863,6106.792,34.81862,52.85719
65.137054,1.9038086,317.94452,11606.153,83.265625,21.167416,6214.1753,34.90725,52.633644
65.69749,1.893255,318.9488,11382.126,83.83662,21.15981,6248.3433,34.891766,52.836414
66.679405,1.8440268,318.12366,11412.318,82.72805,20.737764,6080.8066,34.75701,52.94289
65.45221,2.0316932,320.61896,11266.1,82.60328,21.088556,6110.1777,34.33235,53.13671
65.752846,1.8130355,314.02045,11530.221,81.483215,20.939512,6036.3345,35.053932,53.257706
66.568665,1.8435769,317.1832,11428.296,81.87632,21.094933,6043.548,34.890476,52.471867
66.17373,1.8228681,319.63922,11580.685,83.09185,21.148571,6132.7188,34.185963,52.85884
65.72921,1.9921392,318.25333,11388.281,82.150215,21.093418,6278.7183,34.36508,52.84893
65.485306,1.802044,317.47714,11497.715,82.702995,20.862528,6038.1064,34.17337,49.95215
65.28183,1.7927916,329.66574,11467.563,82.063515,21.074436,6193.068,34.683514,53.16231
65.71284,1.8653736,313.5234,11385.542,82.746506,20.876925,6022.899,34.539207,53.10402
65.628914,1.7991523,324.08752,11047.668,83.13333,20.983627,6235.6646,34.80012,52.891144
65.7946,1.9715198,321.08206,11380.566,82.00925,21.177761,6283.835,34.650246,52.908672
66.24062,1.8263576,332.26172,11328.292,81.88308,20.959984,6259.1313,34.310276,53.128143
66.71497,1.8146416,319.72443,11314.304,82.22194,20.838453,6172.009,34.792923,52.828087
65.673134,1.7064449,328.35745,11336.706,83.69911,21.100336,6029.9653,34.894104,53.320282
66.47215,1.8365858,324.9773,11595.533,81.769966,21.273785,6177.1787,34.378815,52.879147
65.71562,1.8178949,318.17508,11566.128,82.70761,21.019028,6215.784,34.66345,52.793507
65.26901,1.9875288,321.5095,11344.212,81.903755,21.141819,6248.759,34.973595,52.629147
65.809235,1.8220394,329.65103,10863.02,81.46339,21.215689,6238.9985,34.608025,52.916515
65.7606,1.8228375,328.9385,11448.6455,82.609055,20.935837,6192.2036,35.31634,52.929157
65.85633,1.8121356,317.92822,11461.769,81.99009,21.206566,6277.782,34.921566,53.049236
65.733406,1.8420348,318.77707,11254.315,82.28649,20.988195,6178.466,34.81006,52.64502
66.436745,1.8376459,319.23303,11346.621,82.623474,21.091312,6229.09,35.1387,52.895473
65.39752,1.9352596,317.91446,11590.711,82.78364,21.140593,6245.6123,34.820263,52.470818
65.24278,1.6910995,309.31155,11490.888,82.31545,20.940317,6229.7075,35.30736,52.45825
65.7941,1.8322635,328.94022,11475.779,82.977615,21.071657,6236.0513,35.323235,52.66817
65.93518,1.8318545,319.6114,10894.344,82.093285,20.973543,6198.454,35.394512,52.820442
65.70602,1.8230739,314.9428,11286.573,81.01811,21.03267,6281.335,34.99539,52.754158
66.74865,1.8097903,323.516,11494.608,82.290115,20.822514,6168.5356,35.202606,53.056534
65.72028,1.9966187,316.48816,10586.868,81.1057,21.126612,6123.6597,35.370327,52.56944
66.18313,1.7860332,319.21643,11109.043,82.10754,21.190779,6215.7085,35.540703,52.703583
66.198135,1.8156068,318.10526,11058.891,81.35229,20.638737,6201.4204,35.361465,51.79607
65.73755,1.7874721,318.6559,11164.6455,82.253914,20.92629,6187.656,34.94495,52.476597
65.50621,1.8259481,324.20798,11475.835,81.858765,20.912596,6406.1846,35.196495,52.94797
66.12337,1.810932,318.37195,11040.858,81.592735,21.309584,6298.4863,35.546627,52.62725
66.28352,1.776039,321.6107,11100.8955,80.469086,21.20908,6290.326,35.786842,52.135017
65.33999,1.8782617,326.76068,10628.473,82.05907,20.952076,6162.899,35.410286,52.287502
65.47288,1.7401735,314.04416,10638.912,81.20224,21.219126,6262.519,35.676945,52.602085
66.49806,1.75302,307.51428,11139.778,81.90978,21.002317,6217.1733,35.77119,52.07147
66.29357,1.7935764,313.54532,10738.776,80.20706,20.918222,6268.0566,35.34168,52.242413
65.74555,1.8064355,315.06534,10819.576,80.9572,21.25217,6261.7017,35.345802,52.379158
65.470406,1.7539874,322.3764,10688.129,81.06779,21.149649,6335.9883,35.718163,52.47922
65.3417,1.7662016,315.47708,11498.472,81.233894,20.686283,6355.73,36.227673,52.244102
66.896164,1.7300563,309.5602,11209.597,81.63952,20.793388,6404.974,35.550728,51.37776
65.69016,1.6911652,320.7618,11029.86,80.765915,21.089363,6300.8125,35.80347,52.16722
65.69287,1.7937728,320.59744,10644.586,80.04142,20.899326,6390.396,35.408783,50.087288
65.52802,1.6976889,324.189,11211.899,81.10776,20.647264,6380.2905,35.741444,51.438175
65.39978,1.714424,315.94522,11043.312,80.83273,21.0173,6283.344,35.933514,51.3897
65.42273,1.731321,308.40613,11148.175,80.475266,21.199118,6365.421,36.26591,52.093117
65.73692,1.7428918,311.53705,11273.875,80.40448,20.867876,6533.3667,35.495872,50.030956
65.10947,1.7816104,321.2596,11471.279,80.578026,20.790125,6303.5605,36.07061,52.52047
65.92056,1.7961167,318.98914,11346.639,80.512794,21.174946,6329.512,35.745975,51.40123
64.66477,1.8311294,309.4907,11216.505,81.45806,20.814125,6442.565,36.229137,51.615932
65.04157,1.8302749,313.96185,10631.465,80.54682,21.20269,6491.2915,36.459934,51.542934
65.5134,1.8047656,318.28635,11488.26,81.141426,20.947206,6418.2446,36.374012,51.773808
64.66041,1.680769,309.4576,10928.961,80.10565,20.89624,6487.5093,36.170895,51.1918
65.58977,1.7393326,316.40112,11424.863,80.90441,21.088837,6456.264,35.993797,51.63188
64.31945,1.8207477,308.3635,10939.049,80.54646,20.952524,6447.683,36.355263,50.29832
66.27558,1.8419888,316.41962,10656.505,80.76061,21.288555,6483.4536,36.024555,51.348835
65.00326,1.7902228,314.4373,11101.197,80.469315,21.01038,6430.8154,36.532764,50.550713
65.02208,1.7908134,316.44888,11405.89,79.65463,20.742905,6515.26,36.320053,50.63653
65.04376,1.7591848,316.0928,11111.897,80.644394,21.29972,6315.5737,35.92893,51.52919
65.49079,1.8401868,314.4101,11155.037,80.408905,20.982405,6494.152,36.119717,49.839516
63.720184,1.7983512,309.41785,10590.591,80.85181,21.133522,6443.099,36.42859,50.41377
64.569664,1.822089,319.15765,10970.557,80.61797,20.411354,6401.231,36.370285,50.663143
65.66786,1.8027698,317.1001,10624.289,80.47895,20.758244,6345.5083,36.305817,50.318657
64.76302,1.8062619,316.98965,10609.016,80.159996,21.076551,6544.9707,36.06557,50.605812
64.19023,1.7169101,309.35068,10627.454,80.46502,21.170927,6570.531,36.189217,48.231262
65.23876,1.8277706,315.27188,10611.845,80.697876,20.731285,6567.454,36.829002,48.863403
65.18508,1.7555637,317.11438,11156.945,79.75775,20.761454,6527.975,36.998104,50.509144
64.67874,1.8040025,315.76447,10604.806,79.76964,21.138514,6546.301,36.38746,50.59906
63.277992,1.699485,316.8244,10636.761,79.374504,20.409012,6534.4385,36.30522,50.034737
64.38065,1.7667902,309.69272,10627.918,79.35988,21.010939,6549.977,36.262703,50.066822
64.55951,1.7026068,314.4793,10604.834,79.95689,20.963547,6459.205,36.135677,49.516487
63.558945,1.7701803,310.8413,10625.17,80.43032,20.601492,6513.701,36.72163,49.86056
64.17189,1.7443966,315.8726,10610.31,79.968834,21.060762,6623.5044,36.941826,50.07702
63.09132,1.7297337,317.1502,10673.372,79.61593,20.49841,6561.1274,36.373837,48.946415
63.323967,1.7127056,310.01944,10628.459,79.78364,20.665817,6551.042,36.593372,49.753944
63.597157,1.7583678,320.1647,10607.325,80.188286,21.027433,6541.925,36.902824,48.222458
63.764706,1.7619158,312.54922,10557.58,79.25058,21.03199,6595.6924,36.055614,49.263588
64.25384,1.6871098,309.90088,10609.172,80.08675,20.354622,6685.158,37.132835,49.778336
63.243652,1.7343675,318.6084,10607.807,80.12145,20.736153,6401.6133,37.092743,49.126575
62.860157,1.5903918,309.83557,10639.225,79.09246,21.241966,6658.09,36.71024,49.36688
64.44655,1.6862799,318.7601,10642.106,79.6647,20.710615,6605.9014,36.628773,50.409214
63.502735,1.7300191,318.24466,10601.575,79.17566,20.622742,6501.5674,36.92047,48.604607
63.570335,1.7349923,315.22144,10604.763,79.180145,20.7813,6606.7334,37.51505,48.384533
63.883823,1.68813,311.2081,10581.482,79.292274,21.27204,6646.8433,36.819977,47.74511
63.431583,1.7163553,317.82956,10584.29,79.17579,21.16351,6670.9014,37.477604,48.000362
62.543243,1.6990131,317.17014,10593.118,79.74176,20.83514,6638.7583,37.13907,49.003353
62.185368,1.7507597,314.56207,10606.6455,79.30328,21.004162,6656.3545,37.256565,47.754646
62.993393,1.6641257,322.78546,10608.741,79.223854,20.26515,6662.0654,37.38822,48.03852
63.684303,1.6656116,315.39597,10569.074,79.49351,20.795826,6711.3584,37.659843,48.16991
