TS_Pcomp,TS_Pscav,TS_Texh,TS_Ntc,TS_Pmax,TS_PR,TS_Ntc_Pscav,TS_Pcomp_Pscav,Estimated engine load,matched_load,matched_date,deltas,Ref_Pscav,Ref_Pcomp,Ref_Pmax,Ref_Texh,Ref_Ntc,Ref_Ntc_Pscav,Ref_Pcomp_Pscav,Ref_PR
47.71393,0.9895849,273.0037,8631.922,74.8901,32.745426,8878.275,49.054028,35.92013,35.46591305555555,2022-08-07 13:00:00,0.4542169444444468,0.9840890169143677,46.4542121887207,79.64217376708984,275.4632873535156,8484.427734375,9618.95703125,54.084598541259766,37.86125183105469
48.09596,1.0515186,271.39407,8676.112,79.57207,32.11072,8916.444,49.073795,35.71168,35.46591305555555,2022-08-07 13:00:00,0.2457669444444477,0.9840890169143677,46.4542121887207,79.64217376708984,275.4632873535156,8484.427734375,9618.95703125,54.084598541259766,37.86125183105469
47.62715,0.9776015,271.08276,8659.18,78.3235,30.726479,9033.757,48.71686,34.69439,35.46591305555555,2022-08-07 13:00:00,0.771523055555555,0.9840890169143677,46.4542121887207,79.64217376708984,275.4632873535156,8484.427734375,9618.95703125,54.084598541259766,37.86125183105469
47.457718,0.9400963,267.377,8664.618,76.36576,31.104034,9017.142,49.802822,32.92774,33.65741833333333,2022-08-15 16:00:00,0.7296783333333323,0.9824103713035583,47.124393463134766,83.4671630859375,287.5084533691406,8270.73046875,11040.85546875,59.94701385498047,34.42455291748047
47.916508,0.9815413,269.392,8531.834,76.95272,30.847965,9015.909,49.47176,33.70499,33.66751333333333,2022-08-11 05:00:00,0.037476666666670155,1.173214077949524,57.06467819213867,98.72547149658203,319.5035400390625,8535.98828125,12307.62890625,63.47606658935547,30.298992156982422
46.624855,0.9706878,266.3345,8489.965,75.70493,30.639715,9239.68,50.016228,32.48222,33.65741833333333,2022-08-15 16:00:00,1.1751983333333342,0.9824103713035583,47.124393463134766,83.4671630859375,287.5084533691406,8270.73046875,11040.85546875,59.94701385498047,34.42455291748047
47.09655,0.94069993,267.34027,8480.171,75.58334,29.649538,9120.776,50.03822,32.92715,33.65741833333333,2022-08-15 16:00:00,0.7302683333333349,0.9824103713035583,47.124393463134766,83.4671630859375,287.5084533691406,8270.73046875,11040.85546875,59.94701385498047,34.42455291748047
45.997154,0.92204136,269.48145,8540.734,74.10227,29.17395,9165.295,49.924644,34.015636,33.918074727272725,2022-08-09 19:00:00,0.0975612727272761,0.9902096390724182,45.897891998291016,78.93397521972656,272.7257385253906,8152.67138671875,10766.599609375,58.92772674560547,32.37434768676758
46.342373,0.921034,267.04846,8435.661,73.51822,30.106268,9196.044,50.172897,33.647915,33.65741833333333,2022-08-15 16:00:00,0.009503333333334751,0.9824103713035583,47.124393463134766,83.4671630859375,287.5084533691406,8270.73046875,11040.85546875,59.94701385498047,34.42455291748047
45.43441,0.89296186,266.49408,8507.178,74.67497,29.760033,9180.3,50.256214,32.153584,33.65741833333333,2022-08-15 16:00:00,1.5038343333333302,0.9824103713035583,47.124393463134766,83.4671630859375,287.5084533691406,8270.73046875,11040.85546875,59.94701385498047,34.42455291748047
46.25433,0.91426855,264.80478,8435.862,75.900215,29.477957,9213.517,50.153732,32.016808,33.65741833333333,2022-08-15 16:00:00,1.6406103333333348,0.9824103713035583,47.124393463134766,83.4671630859375,287.5084533691406,8270.73046875,11040.85546875,59.94701385498047,34.42455291748047
45.00203,0.8901066,264.09497,8424.638,75.058365,29.205933,9185.598,50.436916,32.157227,33.65741833333333,2022-08-15 16:00:00,1.5001913333333334,0.9824103713035583,47.124393463134766,83.4671630859375,287.5084533691406,8270.73046875,11040.85546875,59.94701385498047,34.42455291748047
46.150383,0.868528,265.18765,8376.149,73.56992,28.89531,9199.994,50.418346,32.366974,33.65741833333333,2022-08-15 16:00:00,1.2904443333333333,0.9824103713035583,47.124393463134766,83.4671630859375,287.5084533691406,8270.73046875,11040.85546875,59.94701385498047,34.42455291748047
45.396698,0.9189428,265.69824,8394.74,73.403946,29.791521,9267.303,50.188366,32.58655,33.65741833333333,2022-08-15 16:00:00,1.0708683333333298,0.9824103713035583,47.124393463134766,83.4671630859375,287.5084533691406,8270.73046875,11040.85546875,59.94701385498047,34.42455291748047
46.41289,0.896524,262.79877,8531.226,73.98894,30.202599,9176.314,50.66164,32.202057,33.65741833333333,2022-08-15 16:00:00,1.4553613333333288,0.9824103713035583,47.124393463134766,83.4671630859375,287.5084533691406,8270.73046875,11040.85546875,59.94701385498047,34.42455291748047
46.85614,0.8728424,265.54272,8357.989,73.06575,29.80309,9132.216,50.058376,31.705893,33.65741833333333,2022-08-15 16:00:00,1.9515253333333327,0.9824103713035583,47.124393463134766,83.4671630859375,287.5084533691406,8270.73046875,11040.85546875,59.94701385498047,34.42455291748047
45.02166,0.9184778,261.12668,8500.807,75.18256,29.435804,9324.335,50.05802,31.994616,33.65741833333333,2022-08-15 16:00:00,1.6628023333333317,0.9824103713035583,47.124393463134766,83.4671630859375,287.5084533691406,8270.73046875,11040.85546875,59.94701385498047,34.42455291748047
45.838043,0.8790215,260.99924,8454.308,73.31028,28.275898,9246.373,51.117416,32.23294,33.65741833333333,2022-08-15 16:00:00,1.424478333333333,0.9824103713035583,47.124393463134766,83.4671630859375,287.5084533691406,8270.73046875,11040.85546875,59.94701385498047,34.42455291748047
45.158245,0.89635783,263.63037,8600.17,74.39704,30.055372,9175.238,51.070736,32.314125,33.65741833333333,2022-08-15 16:00:00,1.3432933333333352,0.9824103713035583,47.124393463134766,83.4671630859375,287.5084533691406,8270.73046875,11040.85546875,59.94701385498047,34.42455291748047
45.2117,0.87652737,263.98135,8408.467,72.78748,29.036036,9290.3,50.62957,32.811653,33.65741833333333,2022-08-15 16:00:00,0.8457653333333326,0.9824103713035583,47.124393463134766,83.4671630859375,287.5084533691406,8270.73046875,11040.85546875,59.94701385498047,34.42455291748047
45.520622,0.889358,264.51764,8431.525,72.873634,26.342525,9239.498,50.342022,31.449682,33.65741833333333,2022-08-15 16:00:00,2.207736333333333,0.9824103713035583,47.124393463134766,83.4671630859375,287.5084533691406,8270.73046875,11040.85546875,59.94701385498047,34.42455291748047
44.86454,0.8804482,262.49545,8413.129,73.348755,30.031277,9252.734,50.5763,32.07851,33.65741833333333,2022-08-15 16:00:00,1.578908333333331,0.9824103713035583,47.124393463134766,83.4671630859375,287.5084533691406,8270.73046875,11040.85546875,59.94701385498047,34.42455291748047
45.4333,0.871561,262.59207,8387.148,73.56971,28.808409,9177.837,50.339336,31.329103,33.65741833333333,2022-08-15 16:00:00,2.3283153333333324,0.9824103713035583,47.124393463134766,83.4671630859375,287.5084533691406,8270.73046875,11040.85546875,59.94701385498047,34.42455291748047
45.14496,0.8820721,261.7389,8418.293,74.27205,28.95811,9299.402,51.16403,30.992651,33.65741833333333,2022-08-15 16:00:00,2.6647673333333337,0.9824103713035583,47.124393463134766,83.4671630859375,287.5084533691406,8270.73046875,11040.85546875,59.94701385498047,34.42455291748047
45.350822,0.8904096,261.0376,8424.178,72.63435,30.32134,9341.668,50.408333,32.046112,33.65741833333333,2022-08-15 16:00:00,1.6113063333333315,0.9824103713035583,47.124393463134766,83.4671630859375,287.5084533691406,8270.73046875,11040.85546875,59.94701385498047,34.42455291748047
45.487335,0.861156,262.63922,8402.076,74.67023,28.76434,9284.865,50.201828,31.313808,33.65741833333333,2022-08-15 16:00:00,2.3436103333333307,0.9824103713035583,47.124393463134766,83.4671630859375,287.5084533691406,8270.73046875,11040.85546875,59.94701385498047,34.42455291748047
44.905315,0.8630303,264.10092,8417.687,75.25115,28.386608,9248.812,51.08735,31.147247,33.65741833333333,2022-08-15 16:00:00,2.510171333333332,0.9824103713035583,47.124393463134766,83.4671630859375,287.5084533691406,8270.73046875,11040.85546875,59.94701385498047,34.42455291748047
45.0019,0.88018215,263.3673,8332.515,72.65056,28.240442,9235.114,50.703518,31.607681,33.65741833333333,2022-08-15 16:00:00,2.049737333333333,0.9824103713035583,47.124393463134766,83.4671630859375,287.5084533691406,8270.73046875,11040.85546875,59.94701385498047,34.42455291748047
44.82881,0.87394965,263.2751,8402.1045,75.50557,30.417475,9291.756,50.914898,32.296062,33.65741833333333,2022-08-15 16:00:00,1.3613563333333332,0.9824103713035583,47.124393463134766,83.4671630859375,287.5084533691406,8270.73046875,11040.85546875,59.94701385498047,34.42455291748047
44.633774,0.85415334,260.89572,8288.477,73.17972,28.568598,9371.353,51.601906,31.925203,33.65741833333333,2022-08-15 16:00:00,1.7322153333333326,0.9824103713035583,47.124393463134766,83.4671630859375,287.5084533691406,8270.73046875,11040.85546875,59.94701385498047,34.42455291748047
43.966274,0.9007046,261.17276,8302.703,75.310616,29.120071,9357.383,51.579716,32.408554,33.65741833333333,2022-08-15 16:00:00,1.24886433333333,0.9824103713035583,47.124393463134766,83.4671630859375,287.5084533691406,8270.73046875,11040.85546875,59.94701385498047,34.42455291748047
44.62543,0.85304725,260.8101,8450.534,75.22445,29.254324,9285.529,50.914265,31.74778,33.65741833333333,2022-08-15 16:00:00,1.9096383333333335,0.9824103713035583,47.124393463134766,83.4671630859375,287.5084533691406,8270.73046875,11040.85546875,59.94701385498047,34.42455291748047
44.5403,0.8458526,261.7114,8350.031,75.50257,29.398752,9193.977,50.575302,31.529879,33.65741833333333,2022-08-15 16:00:00,2.1275393333333312,0.9824103713035583,47.124393463134766,83.4671630859375,287.5084533691406,8270.73046875,11040.85546875,59.94701385498047,34.42455291748047
44.25557,0.8484112,259.71326,8390.251,74.473465,28.333014,9319.966,50.200016,31.743969,33.65741833333333,2022-08-15 16:00:00,1.9134493333333324,0.9824103713035583,47.124393463134766,83.4671630859375,287.5084533691406,8270.73046875,11040.85546875,59.94701385498047,34.42455291748047
44.454674,0.83195746,261.47766,8191.672,76.1608,29.29856,9347.107,50.729687,31.924515,33.65741833333333,2022-08-15 16:00:00,1.7329033333333328,0.9824103713035583,47.124393463134766,83.4671630859375,287.5084533691406,8270.73046875,11040.85546875,59.94701385498047,34.42455291748047
44.838024,0.8530945,259.77594,8240.396,74.14803,29.170736,9339.742,51.34057,30.621634,33.65741833333333,2022-08-15 16:00:00,3.035784333333332,0.9824103713035583,47.124393463134766,83.4671630859375,287.5084533691406,8270.73046875,11040.85546875,59.94701385498047,34.42455291748047
44.35404,0.86633724,261.60406,8350.452,76.285545,28.896345,9296.156,51.03582,31.15441,33.65741833333333,2022-08-15 16:00:00,2.5030083333333337,0.9824103713035583,47.124393463134766,83.4671630859375,287.5084533691406,8270.73046875,11040.85546875,59.94701385498047,34.42455291748047
44.089745,0.8158946,259.82812,8353.699,73.077446,29.593935,9274.801,51.401737,32.439194,33.65741833333333,2022-08-15 16:00:00,1.2182243333333318,0.9824103713035583,47.124393463134766,83.4671630859375,287.5084533691406,8270.73046875,11040.85546875,59.94701385498047,34.42455291748047
44.019833,0.8350393,260.06143,8336.349,73.77718,29.619513,9300.105,51.591904,31.619484,33.65741833333333,2022-08-15 16:00:00,2.0379343333333324,0.9824103713035583,47.124393463134766,83.4671630859375,287.5084533691406,8270.73046875,11040.85546875,59.94701385498047,34.42455291748047
44.154446,0.83560973,261.25323,8361.36,74.96646,30.4269,9393.782,51.342453,31.043133,33.65741833333333,2022-08-15 16:00:00,2.6142853333333314,0.9824103713035583,47.124393463134766,83.4671630859375,287.5084533691406,8270.73046875,11040.85546875,59.94701385498047,34.42455291748047
43.721996,0.8560047,261.49857,8254.59,73.314835,30.238867,9332.869,51.58346,31.798944,33.65741833333333,2022-08-15 16:00:00,1.8584743333333336,0.9824103713035583,47.124393463134766,83.4671630859375,287.5084533691406,8270.73046875,11040.85546875,59.94701385498047,34.42455291748047
43.815994,0.8430775,260.7157,8276.343,74.62157,29.941614,9354.802,51.41301,31.925573,33.65741833333333,2022-08-15 16:00:00,1.7318453333333323,0.9824103713035583,47.124393463134766,83.4671630859375,287.5084533691406,8270.73046875,11040.85546875,59.94701385498047,34.42455291748047
43.702248,0.8658648,261.91354,8211.824,72.93626,30.573103,9198.835,50.89848,31.054998,33.65741833333333,2022-08-15 16:00:00,2.602420333333331,0.9824103713035583,47.124393463134766,83.4671630859375,287.5084533691406,8270.73046875,11040.85546875,59.94701385498047,34.42455291748047
43.91627,0.804778,262.16687,8422.965,77.2039,30.050938,9385.265,51.55956,31.54656,33.65741833333333,2022-08-15 16:00:00,2.110858333333333,0.9824103713035583,47.124393463134766,83.4671630859375,287.5084533691406,8270.73046875,11040.85546875,59.94701385498047,34.42455291748047
43.754475,0.8498608,262.29816,8317.492,76.06683,31.004707,9365.155,50.64982,31.466301,33.65741833333333,2022-08-15 16:00:00,2.191117333333331,0.9824103713035583,47.124393463134766,83.4671630859375,287.5084533691406,8270.73046875,11040.85546875,59.94701385498047,34.42455291748047
44.310467,0.8187627,260.56467,8276.549,76.30759,31.268797,9327.45,50.834324,31.426064,33.65741833333333,2022-08-15 16:00:00,2.231354333333332,0.9824103713035583,47.124393463134766,83.4671630859375,287.5084533691406,8270.73046875,11040.85546875,59.94701385498047,34.42455291748047
43.600636,0.8336319,263.72018,8237.558,78.50175,29.990019,9573.989,51.30245,32.02391,33.65741833333333,2022-08-15 16:00:00,1.6335083333333316,0.9824103713035583,47.124393463134766,83.4671630859375,287.5084533691406,8270.73046875,11040.85546875,59.94701385498047,34.42455291748047
44.405445,0.83838207,262.54837,8251.123,78.15357,30.50613,9386.465,51.03612,32.330734,33.65741833333333,2022-08-15 16:00:00,1.3266843333333327,0.9824103713035583,47.124393463134766,83.4671630859375,287.5084533691406,8270.73046875,11040.85546875,59.94701385498047,34.42455291748047
44.347347,0.8588845,263.8289,8223.785,76.50442,30.54269,9302.913,51.245323,32.05884,33.65741833333333,2022-08-15 16:00:00,1.5985783333333359,0.9824103713035583,47.124393463134766,83.4671630859375,287.5084533691406,8270.73046875,11040.85546875,59.94701385498047,34.42455291748047
43.87305,0.85022265,261.25443,8216.971,75.014366,30.836897,9257.697,51.37192,32.282085,33.65741833333333,2022-08-15 16:00:00,1.3753333333333302,0.9824103713035583,47.124393463134766,83.4671630859375,287.5084533691406,8270.73046875,11040.85546875,59.94701385498047,34.42455291748047
43.71601,0.84457207,263.50134,8293.038,75.09097,31.467402,9393.328,51.5565,32.45168,33.65741833333333,2022-08-15 16:00:00,1.2057383333333291,0.9824103713035583,47.124393463134766,83.4671630859375,287.5084533691406,8270.73046875,11040.85546875,59.94701385498047,34.42455291748047
44.120922,0.8419604,263.14667,8234.952,76.32078,32.137444,9483.562,51.631153,32.834015,33.65741833333333,2022-08-15 16:00:00,0.8234033333333315,0.9824103713035583,47.124393463134766,83.4671630859375,287.5084533691406,8270.73046875,11040.85546875,59.94701385498047,34.42455291748047
43.864967,0.834279,265.40118,8211.645,78.9004,31.502348,9538.194,51.50047,31.87616,33.65741833333333,2022-08-15 16:00:00,1.7812583333333336,0.9824103713035583,47.124393463134766,83.4671630859375,287.5084533691406,8270.73046875,11040.85546875,59.94701385498047,34.42455291748047
44.402615,0.8535637,264.40045,8214.047,76.05965,31.521442,9222.988,51.105247,31.915525,33.65741833333333,2022-08-15 16:00:00,1.7418933333333335,0.9824103713035583,47.124393463134766,83.4671630859375,287.5084533691406,8270.73046875,11040.85546875,59.94701385498047,34.42455291748047
43.57705,0.8333265,263.71057,8212.126,77.99044,32.997925,9273.654,51.55609,32.4455,33.65741833333333,2022-08-15 16:00:00,1.2119183333333297,0.9824103713035583,47.124393463134766,83.4671630859375,287.5084533691406,8270.73046875,11040.85546875,59.94701385498047,34.42455291748047
44.578564,0.8621976,263.4015,8288.353,79.04482,33.70543,9414.36,50.91478,32.924637,33.65741833333333,2022-08-15 16:00:00,0.7327813333333353,0.9824103713035583,47.124393463134766,83.4671630859375,287.5084533691406,8270.73046875,11040.85546875,59.94701385498047,34.42455291748047
44.231827,0.8596734,264.90448,8240.217,79.107056,34.20902,9430.943,50.912567,33.104584,33.65741833333333,2022-08-15 16:00:00,0.5528343333333297,0.9824103713035583,47.124393463134766,83.4671630859375,287.5084533691406,8270.73046875,11040.85546875,59.94701385498047,34.42455291748047
44.023636,0.8625737,262.2639,8233.06,78.40784,34.541195,9210.808,50.660492,33.738052,33.66751333333333,2022-08-11 05:00:00,0.07053866666667119,1.173214077949524,57.06467819213867,98.72547149658203,319.5035400390625,8535.98828125,12307.62890625,63.47606658935547,30.298992156982422
44.197235,0.8928607,264.35464,8331.458,79.80909,34.230106,9275.131,50.972397,33.342037,33.65741833333333,2022-08-15 16:00:00,0.3153813333333346,0.9824103713035583,47.124393463134766,83.4671630859375,287.5084533691406,8270.73046875,11040.85546875,59.94701385498047,34.42455291748047
44.2275,0.86699516,265.4096,8274.472,78.76944,34.978462,9380.957,51.037632,33.33261,33.65741833333333,2022-08-15 16:00:00,0.3248083333333298,0.9824103713035583,47.124393463134766,83.4671630859375,287.5084533691406,8270.73046875,11040.85546875,59.94701385498047,34.42455291748047
44.62934,0.87210864,265.1525,8256.597,78.71985,35.547672,9250.507,51.1216,33.47602,33.65741833333333,2022-08-15 16:00:00,0.181398333333334,0.9824103713035583,47.124393463134766,83.4671630859375,287.5084533691406,8270.73046875,11040.85546875,59.94701385498047,34.42455291748047
44.779293,0.8487289,265.47644,8236.994,80.18793,35.17663,9367.201,51.31502,33.324276,33.65741833333333,2022-08-15 16:00:00,0.33314233333333476,0.9824103713035583,47.124393463134766,83.4671630859375,287.5084533691406,8270.73046875,11040.85546875,59.94701385498047,34.42455291748047
44.804577,0.8350524,265.41376,8229.948,81.39559,34.89028,9419.61,51.121532,33.25879,33.65741833333333,2022-08-15 16:00:00,0.3986283333333347,0.9824103713035583,47.124393463134766,83.4671630859375,287.5084533691406,8270.73046875,11040.85546875,59.94701385498047,34.42455291748047
44.396828,0.87799054,266.33887,8248.32,79.724174,34.63128,9330.992,51.061275,33.949394,33.918074727272725,2022-08-09 19:00:00,0.03131927272727353,0.9902096390724182,45.897891998291016,78.93397521972656,272.7257385253906,8152.67138671875,10766.599609375,58.92772674560547,32.37434768676758
45.340137,0.8374153,265.4726,8301.752,81.04615,35.163906,9553.473,51.09013,33.78861,33.66751333333333,2022-08-11 05:00:00,0.12109666666666641,1.173214077949524,57.06467819213867,98.72547149658203,319.5035400390625,8535.98828125,12307.62890625,63.47606658935547,30.298992156982422
44.77272,0.8593604,264.74625,8247.269,81.07254,35.710842,9519.281,51.306522,33.75756,33.66751333333333,2022-08-11 05:00:00,0.09004666666666594,1.173214077949524,57.06467819213867,98.72547149658203,319.5035400390625,8535.98828125,12307.62890625,63.47606658935547,30.298992156982422
44.024364,0.85705596,265.04428,8206.432,79.95184,36.067204,9521.275,51.52212,33.946594,33.918074727272725,2022-08-09 19:00:00,0.02851927272727295,0.9902096390724182,45.897891998291016,78.93397521972656,272.7257385253906,8152.67138671875,10766.599609375,58.92772674560547,32.37434768676758
44.23799,0.84720176,266.21652,8250.346,81.20479,36.52038,9394.213,50.73183,34.119686,33.918074727272725,2022-08-09 19:00:00,0.20161127272727697,0.9902096390724182,45.897891998291016,78.93397521972656,272.7257385253906,8152.67138671875,10766.599609375,58.92772674560547,32.37434768676758
44.613804,0.8446387,264.7901,8284.509,80.800476,37.076744,9392.427,51.01387,34.18086,33.918074727272725,2022-08-09 19:00:00,0.26278527272727814,0.9902096390724182,45.897891998291016,78.93397521972656,272.7257385253906,8152.67138671875,10766.599609375,58.92772674560547,32.37434768676758
44.11717,0.8749523,261.8055,8131.3247,81.68431,36.917343,9484.999,51.030155,33.808746,33.918074727272725,2022-08-09 19:00:00,0.10932872727272525,0.9902096390724182,45.897891998291016,78.93397521972656,272.7257385253906,8152.67138671875,10766.599609375,58.92772674560547,32.37434768676758
43.94184,0.86601317,264.13718,8151.982,80.73193,37.34966,9640.317,50.80704,33.66521,33.66751333333333,2022-08-11 05:00:00,0.0023033333333302153,1.173214077949524,57.06467819213867,98.72547149658203,319.5035400390625,8535.98828125,12307.62890625,63.47606658935547,30.298992156982422
44.16201,0.8459261,265.76398,8261.503,81.12245,37.073032,9527.913,51.409996,33.30699,33.65741833333333,2022-08-15 16:00:00,0.35042833333333334,0.9824103713035583,47.124393463134766,83.4671630859375,287.5084533691406,8270.73046875,11040.85546875,59.94701385498047,34.42455291748047
44.12925,0.8483103,264.48422,8199.111,82.123055,38.080547,9541.574,51.388683,33.587612,33.65741833333333,2022-08-15 16:00:00,0.0698063333333323,0.9824103713035583,47.124393463134766,83.4671630859375,287.5084533691406,8270.73046875,11040.85546875,59.94701385498047,34.42455291748047
44.02599,0.8538106,263.26385,8036.9033,81.923325,37.782555,9404.496,50.911533,33.399216,33.65741833333333,2022-08-15 16:00:00,0.25820233333332965,0.9824103713035583,47.124393463134766,83.4671630859375,287.5084533691406,8270.73046875,11040.85546875,59.94701385498047,34.42455291748047
44.115578,0.8381685,262.35602,8230.886,81.88116,37.450924,9559.132,51.163776,33.694557,33.66751333333333,2022-08-11 05:00:00,0.02704366666667113,1.173214077949524,57.06467819213867,98.72547149658203,319.5035400390625,8535.98828125,12307.62890625,63.47606658935547,30.298992156982422
44.186024,0.81485575,264.67285,8237.025,81.86752,37.977516,9443.205,52.16493,33.51672,33.65741833333333,2022-08-15 16:00:00,0.14069833333333293,0.9824103713035583,47.124393463134766,83.4671630859375,287.5084533691406,8270.73046875,11040.85546875,59.94701385498047,34.42455291748047
43.384014,0.8301222,263.5422,8176.819,83.05634,37.825584,9582.75,51.328896,34.22376,33.918074727272725,2022-08-09 19:00:00,0.3056852727272741,0.9902096390724182,45.897891998291016,78.93397521972656,272.7257385253906,8152.67138671875,10766.599609375,58.92772674560547,32.37434768676758
43.28134,0.79330283,264.26535,8162.3174,83.26851,37.80806,9636.401,52.032654,32.47954,33.65741833333333,2022-08-15 16:00:00,1.1778783333333323,0.9824103713035583,47.124393463134766,83.4671630859375,287.5084533691406,8270.73046875,11040.85546875,59.94701385498047,34.42455291748047
43.888264,0.82994497,263.9948,8076.7407,80.57632,38.906315,9668.23,51.41393,32.912144,33.65741833333333,2022-08-15 16:00:00,0.7452743333333345,0.9824103713035583,47.124393463134766,83.4671630859375,287.5084533691406,8270.73046875,11040.85546875,59.94701385498047,34.42455291748047
43.369198,0.7963555,262.8539,8163.332,81.8167,38.28015,9555.109,51.86355,33.138203,33.65741833333333,2022-08-15 16:00:00,0.5192153333333351,0.9824103713035583,47.124393463134766,83.4671630859375,287.5084533691406,8270.73046875,11040.85546875,59.94701385498047,34.42455291748047
43.451744,0.8023272,264.81174,8138.483,80.657814,37.84956,9674.639,51.891216,32.726105,33.65741833333333,2022-08-15 16:00:00,0.9313133333333354,0.9824103713035583,47.124393463134766,83.4671630859375,287.5084533691406,8270.73046875,11040.85546875,59.94701385498047,34.42455291748047
43.190933,0.833048,265.2102,8162.819,81.34939,38.27667,9597.981,52.27379,32.847466,33.65741833333333,2022-08-15 16:00:00,0.8099523333333352,0.9824103713035583,47.124393463134766,83.4671630859375,287.5084533691406,8270.73046875,11040.85546875,59.94701385498047,34.42455291748047
42.80508,0.81564796,263.26462,8117.679,81.26682,38.603928,9644.994,51.86003,32.115204,33.65741833333333,2022-08-15 16:00:00,1.5422143333333338,0.9824103713035583,47.124393463134766,83.4671630859375,287.5084533691406,8270.73046875,11040.85546875,59.94701385498047,34.42455291748047
43.364437,0.78198695,263.0411,8045.0415,81.68894,39.008114,9673.18,51.998333,32.09125,33.65741833333333,2022-08-15 16:00:00,1.56616833333333,0.9824103713035583,47.124393463134766,83.4671630859375,287.5084533691406,8270.73046875,11040.85546875,59.94701385498047,34.42455291748047
43.269737,0.80834097,263.1567,8025.4546,81.83775,38.805336,9656.088,52.575027,32.43101,33.65741833333333,2022-08-15 16:00:00,1.2264083333333318,0.9824103713035583,47.124393463134766,83.4671630859375,287.5084533691406,8270.73046875,11040.85546875,59.94701385498047,34.42455291748047
43.090813,0.81240475,260.42984,8090.463,81.69574,37.600586,9679.279,52.222916,32.547398,33.65741833333333,2022-08-15 16:00:00,1.1100203333333312,0.9824103713035583,47.124393463134766,83.4671630859375,287.5084533691406,8270.73046875,11040.85546875,59.94701385498047,34.42455291748047
43.30441,0.78564566,262.6525,8026.972,83.186104,39.054943,9683.5625,52.37648,32.394188,33.65741833333333,2022-08-15 16:00:00,1.2632303333333326,0.9824103713035583,47.124393463134766,83.4671630859375,287.5084533691406,8270.73046875,11040.85546875,59.94701385498047,34.42455291748047
43.059402,0.78468424,262.8812,7980.7397,82.56741,40.576103,9755.102,52.351315,31.794407,33.65741833333333,2022-08-15 16:00:00,1.8630113333333327,0.9824103713035583,47.124393463134766,83.4671630859375,287.5084533691406,8270.73046875,11040.85546875,59.94701385498047,34.42455291748047
42.95288,0.74716735,262.94577,8028.5605,82.58892,38.374096,9667.012,51.597622,32.68281,33.65741833333333,2022-08-15 16:00:00,0.9746083333333289,0.9824103713035583,47.124393463134766,83.4671630859375,287.5084533691406,8270.73046875,11040.85546875,59.94701385498047,34.42455291748047
43.060364,0.8046385,265.56125,8116.954,82.356346,39.39681,9749.021,52.136814,32.530594,33.65741833333333,2022-08-15 16:00:00,1.1268243333333317,0.9824103713035583,47.124393463134766,83.4671630859375,287.5084533691406,8270.73046875,11040.85546875,59.94701385498047,34.42455291748047
43.52635,0.7918704,263.71768,8092.412,82.72224,38.573288,9795.433,52.32692,32.170395,33.65741833333333,2022-08-15 16:00:00,1.4870233333333331,0.9824103713035583,47.124393463134766,83.4671630859375,287.5084533691406,8270.73046875,11040.85546875,59.94701385498047,34.42455291748047
43.4168,0.77132714,261.41425,7968.6636,82.77598,37.29053,9667.052,51.74199,33.065456,33.65741833333333,2022-08-15 16:00:00,0.5919623333333348,0.9824103713035583,47.124393463134766,83.4671630859375,287.5084533691406,8270.73046875,11040.85546875,59.94701385498047,34.42455291748047
43.137035,0.81898326,264.26266,8111.7227,83.13628,39.055077,9527.951,51.981895,33.173912,33.65741833333333,2022-08-15 16:00:00,0.48350633333333093,0.9824103713035583,47.124393463134766,83.4671630859375,287.5084533691406,8270.73046875,11040.85546875,59.94701385498047,34.42455291748047
43.22304,0.775802,265.6867,8118.395,83.40499,39.56087,9675.422,51.21586,33.58244,33.65741833333333,2022-08-15 16:00:00,0.07497833333333404,0.9824103713035583,47.124393463134766,83.4671630859375,287.5084533691406,8270.73046875,11040.85546875,59.94701385498047,34.42455291748047
43.442337,0.8027882,262.01044,8062.4546,82.87592,41.22292,9640.055,52.283375,32.478245,33.65741833333333,2022-08-15 16:00:00,1.1791733333333312,0.9824103713035583,47.124393463134766,83.4671630859375,287.5084533691406,8270.73046875,11040.85546875,59.94701385498047,34.42455291748047
43.246758,0.7732195,265.94,8017.2954,84.62162,41.16325,9926.898,52.361565,31.985268,33.65741833333333,2022-08-15 16:00:00,1.672150333333331,0.9824103713035583,47.124393463134766,83.4671630859375,287.5084533691406,8270.73046875,11040.85546875,59.94701385498047,34.42455291748047
43.247356,0.77564114,264.51517,7925.208,85.19224,40.47371,9613.308,52.670517,33.35972,33.65741833333333,2022-08-15 16:00:00,0.2976983333333294,0.9824103713035583,47.124393463134766,83.4671630859375,287.5084533691406,8270.73046875,11040.85546875,59.94701385498047,34.42455291748047
43.570843,0.79023695,263.04474,8059.3945,83.58839,41.680527,9670.2295,51.851944,32.533127,33.65741833333333,2022-08-15 16:00:00,1.124291333333332,0.9824103713035583,47.124393463134766,83.4671630859375,287.5084533691406,8270.73046875,11040.85546875,59.94701385498047,34.42455291748047
43.004547,0.7864896,261.9534,8030.996,83.54691,41.6125,9897.552,52.219166,33.537502,33.65741833333333,2022-08-15 16:00:00,0.11991633333332885,0.9824103713035583,47.124393463134766,83.4671630859375,287.5084533691406,8270.73046875,11040.85546875,59.94701385498047,34.42455291748047
43.285774,0.80798775,263.23224,8140.2188,85.02671,42.256798,9729.069,51.809723,32.91833,33.65741833333333,2022-08-15 16:00:00,0.7390883333333349,0.9824103713035583,47.124393463134766,83.4671630859375,287.5084533691406,8270.73046875,11040.85546875,59.94701385498047,34.42455291748047
42.992588,0.75450957,264.2379,7903.8345,85.34686,42.821617,9740.513,51.97634,33.3691,33.65741833333333,2022-08-15 16:00:00,0.28831833333332924,0.9824103713035583,47.124393463134766,83.4671630859375,287.5084533691406,8270.73046875,11040.85546875,59.94701385498047,34.42455291748047
43.286144,0.79528934,262.7033,8034.0522,85.5248,41.784904,9782.991,52.567036,33.013283,33.65741833333333,2022-08-15 16:00:00,0.6441353333333311,0.9824103713035583,47.124393463134766,83.4671630859375,287.5084533691406,8270.73046875,11040.85546875,59.94701385498047,34.42455291748047
43.25228,0.7588479,265.4108,8083.17,86.19113,41.74743,9786.238,52.388004,33.60937,33.65741833333333,2022-08-15 16:00:00,0.048048333333333915,0.9824103713035583,47.124393463134766,83.4671630859375,287.5084533691406,8270.73046875,11040.85546875,59.94701385498047,34.42455291748047
43.407074,0.8038685,263.72675,8010.416,86.09424,41.3364,9792.347,52.280914,33.055653,33.65741833333333,2022-08-15 16:00:00,0.6017653333333328,0.9824103713035583,47.124393463134766,83.4671630859375,287.5084533691406,8270.73046875,11040.85546875,59.94701385498047,34.42455291748047
43.290123,0.783117,262.5497,8117.61,86.41157,42.788105,9685.549,52.418495,33.21889,33.65741833333333,2022-08-15 16:00:00,0.4385283333333305,0.9824103713035583,47.124393463134766,83.4671630859375,287.5084533691406,8270.73046875,11040.85546875,59.94701385498047,34.42455291748047
43.28437,0.772828,262.35736,7920.902,84.6715,41.557175,9889.069,52.190636,33.33418,33.65741833333333,2022-08-15 16:00:00,0.32323833333332885,0.9824103713035583,47.124393463134766,83.4671630859375,287.5084533691406,8270.73046875,11040.85546875,59.94701385498047,34.42455291748047
43.237877,0.77531123,263.0738,7991.4263,86.14005,42.08232,9812.975,52.516914,34.44311,33.918074727272725,2022-08-09 19:00:00,0.5250352727272727,0.9902096390724182,45.897891998291016,78.93397521972656,272.7257385253906,8152.67138671875,10766.599609375,58.92772674560547,32.37434768676758
43.516193,0.78384274,267.16583,8080.6323,88.23399,41.31887,9842.337,51.992115,34.147564,33.918074727272725,2022-08-09 19:00:00,0.22948927272727815,0.9902096390724182,45.897891998291016,78.93397521972656,272.7257385253906,8152.67138671875,10766.599609375,58.92772674560547,32.37434768676758
43.879135,0.8161167,265.24127,8013.3237,86.593056,41.76674,9680.855,52.189777,33.78035,33.66751333333333,2022-08-11 05:00:00,0.11283666666666647,1.173214077949524,57.06467819213867,98.72547149658203,319.5035400390625,8535.98828125,12307.62890625,63.47606658935547,30.298992156982422
43.082367,0.776196,265.10553,8033.264,86.70406,45.125656,9695.09,52.240788,34.30502,33.918074727272725,2022-08-09 19:00:00,0.3869452727272744,0.9902096390724182,45.897891998291016,78.93397521972656,272.7257385253906,8152.67138671875,10766.599609375,58.92772674560547,32.37434768676758
43.096165,0.82845926,262.32397,8093.6973,86.681435,42.41956,9779.931,52.44903,34.161312,33.918074727272725,2022-08-09 19:00:00,0.2432372727272778,0.9902096390724182,45.897891998291016,78.93397521972656,272.7257385253906,8152.67138671875,10766.599609375,58.92772674560547,32.37434768676758
44.27156,0.820124,263.83368,8005.7573,88.93928,42.37391,9805.445,52.07424,34.78161,35.46591305555555,2022-08-07 13:00:00,0.6843030555555529,0.9840890169143677,46.4542121887207,79.64217376708984,275.4632873535156,8484.427734375,9618.95703125,54.084598541259766,37.86125183105469
43.434185,0.80373424,264.9152,8091.778,87.320435,43.80155,9714.03,51.91876,34.9521,35.46591305555555,2022-08-07 13:00:00,0.513813055555552,0.9840890169143677,46.4542121887207,79.64217376708984,275.4632873535156,8484.427734375,9618.95703125,54.084598541259766,37.86125183105469
44.652245,0.8442547,265.1643,8154.886,89.242485,41.49868,9509.33,52.15051,35.474163,35.46591305555555,2022-08-07 13:00:00,0.008249944444443713,0.9840890169143677,46.4542121887207,79.64217376708984,275.4632873535156,8484.427734375,9618.95703125,54.084598541259766,37.86125183105469
44.319653,0.87491363,265.40866,8075.1284,90.248184,45.39562,9715.333,51.90785,36.632946,35.46591305555555,2022-08-07 13:00:00,1.1670329444444434,0.9840890169143677,46.4542121887207,79.64217376708984,275.4632873535156,8484.427734375,9618.95703125,54.084598541259766,37.86125183105469
45.06248,0.8542529,265.10828,8150.007,88.871376,43.52099,9481.514,52.12667,35.903164,35.46591305555555,2022-08-07 13:00:00,0.43725094444444323,0.9840890169143677,46.4542121887207,79.64217376708984,275.4632873535156,8484.427734375,9618.95703125,54.084598541259766,37.86125183105469
44.581463,0.87367314,265.4839,8166.298,91.189926,44.79595,9695.806,51.727993,35.864407,35.46591305555555,2022-08-07 13:00:00,0.3984939444444464,0.9840890169143677,46.4542121887207,79.64217376708984,275.4632873535156,8484.427734375,9618.95703125,54.084598541259766,37.86125183105469
44.293083,0.8605152,266.55176,8216.182,91.41647,43.604137,9672.079,51.33059,35.957527,35.46591305555555,2022-08-07 13:00:00,0.4916139444444454,0.9840890169143677,46.4542121887207,79.64217376708984,275.4632873535156,8484.427734375,9618.95703125,54.084598541259766,37.86125183105469
44.22712,0.88249403,266.31473,8227.797,91.09548,46.77657,9632.045,51.94611,36.046177,35.46591305555555,2022-08-07 13:00:00,0.5802639444444466,0.9840890169143677,46.4542121887207,79.64217376708984,275.4632873535156,8484.427734375,9618.95703125,54.084598541259766,37.86125183105469
45.201103,0.8776245,265.98248,8195.753,90.843895,43.996452,9724.187,52.16033,36.428818,35.46591305555555,2022-08-07 13:00:00,0.9629049444444462,0.9840890169143677,46.4542121887207,79.64217376708984,275.4632873535156,8484.427734375,9618.95703125,54.084598541259766,37.86125183105469
44.934788,0.87265384,265.5527,8127.382,90.81783,43.58604,9581.537,51.829647,35.889427,35.46591305555555,2022-08-07 13:00:00,0.42351394444444423,0.9840890169143677,46.4542121887207,79.64217376708984,275.4632873535156,8484.427734375,9618.95703125,54.084598541259766,37.86125183105469
45.28134,0.88806576,267.21115,8205.148,91.09326,45.518726,9698.734,51.787453,36.164043,35.46591305555555,2022-08-07 13:00:00,0.698129944444446,0.9840890169143677,46.4542121887207,79.64217376708984,275.4632873535156,8484.427734375,9618.95703125,54.084598541259766,37.86125183105469
45.26221,0.85117763,264.48456,8130.451,90.68778,47.274155,9697.751,51.5483,36.65693,35.46591305555555,2022-08-07 13:00:00,1.1910169444444492,0.9840890169143677,46.4542121887207,79.64217376708984,275.4632873535156,8484.427734375,9618.95703125,54.084598541259766,37.86125183105469
44.751587,0.91922754,264.11893,8159.1924,92.803024,46.952744,9639.408,51.6972,35.74638,35.46591305555555,2022-08-07 13:00:00,0.28046694444444853,0.9840890169143677,46.4542121887207,79.64217376708984,275.4632873535156,8484.427734375,9618.95703125,54.084598541259766,37.86125183105469
44.99668,0.9071032,267.1758,8203.931,92.12403,45.659473,9720.42,51.74978,36.400528,35.46591305555555,2022-08-07 13:00:00,0.9346149444444478,0.9840890169143677,46.4542121887207,79.64217376708984,275.4632873535156,8484.427734375,9618.95703125,54.084598541259766,37.86125183105469
44.67363,0.87958515,267.15756,8153.2896,92.55892,44.553074,9503.748,51.682014,36.18875,35.46591305555555,2022-08-07 13:00:00,0.7228369444444454,0.9840890169143677,46.4542121887207,79.64217376708984,275.4632873535156,8484.427734375,9618.95703125,54.084598541259766,37.86125183105469
45.210243,0.9039944,269.16592,8229.652,92.370575,45.523342,9572.14,51.788006,37.82769,38.44503916666667,2022-08-21 00:00:00,0.6173491666666706,1.0166773796081543,47.1531982421875,95.15715789794922,277.01226806640625,8748.751953125,8953.0849609375,49.71062469482422,45.67353057861328
45.38734,0.8939991,267.25168,8187.1772,90.89375,45.905834,9777.126,51.964283,36.847256,35.46591305555555,2022-08-07 13:00:00,1.381342944444448,0.9840890169143677,46.4542121887207,79.64217376708984,275.4632873535156,8484.427734375,9618.95703125,54.084598541259766,37.86125183105469
45.35419,0.90637743,264.9207,8155.7397,93.69916,46.310066,9615.803,51.762947,36.696957,35.46591305555555,2022-08-07 13:00:00,1.231043944444444,0.9840890169143677,46.4542121887207,79.64217376708984,275.4632873535156,8484.427734375,9618.95703125,54.084598541259766,37.86125183105469
44.843002,0.91071326,268.72974,8159.126,93.0168,46.335068,9625.939,51.976334,37.39319,38.44503916666667,2022-08-21 00:00:00,1.0518491666666705,1.0166773796081543,47.1531982421875,95.15715789794922,277.01226806640625,8748.751953125,8953.0849609375,49.71062469482422,45.67353057861328
45.053993,0.9073406,267.54742,8214.791,94.5691,46.433872,9666.211,51.53353,37.81969,38.44503916666667,2022-08-21 00:00:00,0.6253491666666662,1.0166773796081543,47.1531982421875,95.15715789794922,277.01226806640625,8748.751953125,8953.0849609375,49.71062469482422,45.67353057861328
45.06505,0.9014333,270.89728,8160.7925,94.973404,45.780987,9342.925,52.069633,38.57232,38.53495543333334,2022-07-31 12:00:00,0.03736456666666044,1.029932975769043,46.96211624145508,82.71104431152344,282.0758361816406,8662.09375,9597.3828125,52.98926544189453,39.60332489013672
45.74402,0.86377877,272.3335,8221.165,96.23039,45.762268,9570.98,51.510803,37.317326,38.44503916666667,2022-08-21 00:00:00,1.1277131666666662,1.0166773796081543,47.1531982421875,95.15715789794922,277.01226806640625,8748.751953125,8953.0849609375,49.71062469482422,45.67353057861328
45.04873,0.893524,270.59283,8197.791,94.00584,50.940376,9456.917,51.62327,37.529743,38.44503916666667,2022-08-21 00:00:00,0.9152961666666641,1.0166773796081543,47.1531982421875,95.15715789794922,277.01226806640625,8748.751953125,8953.0849609375,49.71062469482422,45.67353057861328
44.961636,0.9044627,268.05823,8135.3013,96.00136,47.812504,9609.902,51.177914,37.726624,38.44503916666667,2022-08-21 00:00:00,0.7184151666666665,1.0166773796081543,47.1531982421875,95.15715789794922,277.01226806640625,8748.751953125,8953.0849609375,49.71062469482422,45.67353057861328
45.378147,0.8831821,270.3163,8130.3896,94.135704,50.261425,9630.929,51.71876,37.23005,38.44503916666667,2022-08-21 00:00:00,1.214989166666669,1.0166773796081543,47.1531982421875,95.15715789794922,277.01226806640625,8748.751953125,8953.0849609375,49.71062469482422,45.67353057861328
45.25844,0.84664655,268.69165,8219.257,95.3961,47.381954,9705.357,51.63289,37.875626,38.44503916666667,2022-08-21 00:00:00,0.5694131666666706,1.0166773796081543,47.1531982421875,95.15715789794922,277.01226806640625,8748.751953125,8953.0849609375,49.71062469482422,45.67353057861328
44.051105,0.9008802,269.60474,8096.1743,96.19515,51.651875,9622.208,51.753613,38.0005,38.44503916666667,2022-08-21 00:00:00,0.44453916666666515,1.0166773796081543,47.1531982421875,95.15715789794922,277.01226806640625,8748.751953125,8953.0849609375,49.71062469482422,45.67353057861328
45.87983,0.91740966,268.11475,8217.605,94.607605,49.502293,9698.768,51.54423,36.883923,35.46591305555555,2022-08-07 13:00:00,1.4180099444444494,0.9840890169143677,46.4542121887207,79.64217376708984,275.4632873535156,8484.427734375,9618.95703125,54.084598541259766,37.86125183105469
45.072582,0.87869674,267.95227,8239.281,95.61015,48.25545,9779.397,51.779243,38.40761,38.44503916666667,2022-08-21 00:00:00,0.03742916666666929,1.0166773796081543,47.1531982421875,95.15715789794922,277.01226806640625,8748.751953125,8953.0849609375,49.71062469482422,45.67353057861328
45.099945,0.8757949,268.35938,8156.056,95.98824,52.881058,9493.365,51.953945,38.389633,38.44503916666667,2022-08-21 00:00:00,0.05540616666666409,1.0166773796081543,47.1531982421875,95.15715789794922,277.01226806640625,8748.751953125,8953.0849609375,49.71062469482422,45.67353057861328
44.965977,0.8934685,267.28427,8176.1562,93.98889,51.01312,9538.974,52.080826,37.08608,38.44503916666667,2022-08-21 00:00:00,1.358959166666665,1.0166773796081543,47.1531982421875,95.15715789794922,277.01226806640625,8748.751953125,8953.0849609375,49.71062469482422,45.67353057861328
45.16743,0.93218243,266.3522,8102.3027,94.51871,48.56061,9646.354,52.001335,37.310402,38.44503916666667,2022-08-21 00:00:00,1.1346371666666641,1.0166773796081543,47.1531982421875,95.15715789794922,277.01226806640625,8748.751953125,8953.0849609375,49.71062469482422,45.67353057861328
44.96451,0.86362416,266.42285,8181.8887,93.52151,50.33378,9759.618,51.906384,36.702072,35.46591305555555,2022-08-07 13:00:00,1.2361589444444476,0.9840890169143677,46.4542121887207,79.64217376708984,275.4632873535156,8484.427734375,9618.95703125,54.084598541259766,37.86125183105469
44.322685,0.8827311,267.3714,8126.583,94.58475,49.168518,9572.686,51.864426,37.10279,38.44503916666667,2022-08-21 00:00:00,1.3422491666666687,1.0166773796081543,47.1531982421875,95.15715789794922,277.01226806640625,8748.751953125,8953.0849609375,49.71062469482422,45.67353057861328
44.3902,0.8496403,265.96555,7976.713,94.65094,49.546036,9808.438,52.161243,37.30218,38.44503916666667,2022-08-21 00:00:00,1.1428591666666676,1.0166773796081543,47.1531982421875,95.15715789794922,277.01226806640625,8748.751953125,8953.0849609375,49.71062469482422,45.67353057861328
44.717262,0.8784696,264.41135,8135.1675,93.34824,50.21679,9683.586,52.002373,36.19526,35.46591305555555,2022-08-07 13:00:00,0.729346944444444,0.9840890169143677,46.4542121887207,79.64217376708984,275.4632873535156,8484.427734375,9618.95703125,54.084598541259766,37.86125183105469
45.07389,0.83126354,263.22977,8141.2417,92.63762,50.502827,9576.948,51.92766,35.173523,35.46591305555555,2022-08-07 13:00:00,0.29239005555555053,0.9840890169143677,46.4542121887207,79.64217376708984,275.4632873535156,8484.427734375,9618.95703125,54.084598541259766,37.86125183105469
44.751453,0.8361109,266.37906,8121.7876,91.55929,49.672417,9704.077,52.329224,36.523758,35.46591305555555,2022-08-07 13:00:00,1.0578449444444473,0.9840890169143677,46.4542121887207,79.64217376708984,275.4632873535156,8484.427734375,9618.95703125,54.084598541259766,37.86125183105469
44.654392,0.86432606,262.8517,8089.4814,92.93547,49.254513,9670.205,51.898968,36.37814,35.46591305555555,2022-08-07 13:00:00,0.9122269444444484,0.9840890169143677,46.4542121887207,79.64217376708984,275.4632873535156,8484.427734375,9618.95703125,54.084598541259766,37.86125183105469
44.23524,0.8776859,265.1984,8064.5674,92.378,50.176888,9692.825,52.280655,36.756397,35.46591305555555,2022-08-07 13:00:00,1.2904839444444463,0.9840890169143677,46.4542121887207,79.64217376708984,275.4632873535156,8484.427734375,9618.95703125,54.084598541259766,37.86125183105469
45.109417,0.8703501,265.9092,8051.9775,92.16669,49.651634,9722.236,52.531334,37.621555,38.44503916666667,2022-08-21 00:00:00,0.8234841666666668,1.0166773796081543,47.1531982421875,95.15715789794922,277.01226806640625,8748.751953125,8953.0849609375,49.71062469482422,45.67353057861328
44.432007,0.8795708,268.60815,8058.424,94.250824,50.157608,9590.344,51.719254,38.124615,38.44503916666667,2022-08-21 00:00:00,0.32042416666666895,1.0166773796081543,47.1531982421875,95.15715789794922,277.01226806640625,8748.751953125,8953.0849609375,49.71062469482422,45.67353057861328
44.377235,0.89284414,265.65482,8115.921,93.29728,50.30012,9537.674,52.076443,36.405605,35.46591305555555,2022-08-07 13:00:00,0.9396919444444478,0.9840890169143677,46.4542121887207,79.64217376708984,275.4632873535156,8484.427734375,9618.95703125,54.084598541259766,37.86125183105469
44.959534,0.90670407,268.89648,8144.9595,91.20197,51.539715,9492.39,52.137363,36.575447,35.46591305555555,2022-08-07 13:00:00,1.1095339444444434,0.9840890169143677,46.4542121887207,79.64217376708984,275.4632873535156,8484.427734375,9618.95703125,54.084598541259766,37.86125183105469
45.426952,0.9040888,267.78305,8161.188,95.14726,50.73101,9416.457,51.91358,38.23205,38.44503916666667,2022-08-21 00:00:00,0.21298916666666656,1.0166773796081543,47.1531982421875,95.15715789794922,277.01226806640625,8748.751953125,8953.0849609375,49.71062469482422,45.67353057861328
46.05798,0.91156846,271.74854,8192.892,95.59611,51.222145,9498.576,51.449043,37.391674,38.44503916666667,2022-08-21 00:00:00,1.0533651666666657,1.0166773796081543,47.1531982421875,95.15715789794922,277.01226806640625,8748.751953125,8953.0849609375,49.71062469482422,45.67353057861328
46.077564,0.8828256,272.49582,8329.082,94.61026,51.6381,9426.721,51.617054,37.56794,38.44503916666667,2022-08-21 00:00:00,0.8770991666666674,1.0166773796081543,47.1531982421875,95.15715789794922,277.01226806640625,8748.751953125,8953.0849609375,49.71062469482422,45.67353057861328
45.779232,0.92633224,269.02225,8230.366,95.39625,50.123684,9402.0,51.12403,38.26258,38.44503916666667,2022-08-21 00:00:00,0.18245916666666773,1.0166773796081543,47.1531982421875,95.15715789794922,277.01226806640625,8748.751953125,8953.0849609375,49.71062469482422,45.67353057861328
46.16764,0.9190543,273.41266,8413.666,97.20328,51.351994,9346.632,50.904476,39.75078,38.53495543333334,2022-07-31 12:00:00,1.2158245666666616,1.029932975769043,46.96211624145508,82.71104431152344,282.0758361816406,8662.09375,9597.3828125,52.98926544189453,39.60332489013672
46.018917,0.9680235,271.5093,8353.761,96.870255,51.843525,9361.097,50.808968,39.19026,38.53495543333334,2022-07-31 12:00:00,0.6553045666666648,1.029932975769043,46.96211624145508,82.71104431152344,282.0758361816406,8662.09375,9597.3828125,52.98926544189453,39.60332489013672
46.53011,0.9176287,271.27896,8410.054,96.74295,51.55095,9403.96,51.30842,37.672916,38.44503916666667,2022-08-21 00:00:00,0.7721231666666668,1.0166773796081543,47.1531982421875,95.15715789794922,277.01226806640625,8748.751953125,8953.0849609375,49.71062469482422,45.67353057861328
46.958298,0.9592297,272.11526,8274.266,94.02766,51.572346,9380.47,50.9417,38.427525,38.44503916666667,2022-08-21 00:00:00,0.01751416666666472,1.0166773796081543,47.1531982421875,95.15715789794922,277.01226806640625,8748.751953125,8953.0849609375,49.71062469482422,45.67353057861328
46.510933,0.90905464,272.3149,8225.34,96.25991,51.553528,9339.471,50.81351,38.518684,38.53495543333334,2022-07-31 12:00:00,0.016271433333336915,1.029932975769043,46.96211624145508,82.71104431152344,282.0758361816406,8662.09375,9597.3828125,52.98926544189453,39.60332489013672
45.784576,0.9803175,270.0518,8310.65,100.43541,51.851894,9286.085,50.782887,39.21762,38.53495543333334,2022-07-31 12:00:00,0.6826645666666593,1.029932975769043,46.96211624145508,82.71104431152344,282.0758361816406,8662.09375,9597.3828125,52.98926544189453,39.60332489013672
47.047302,0.92780405,273.28534,8488.722,97.6538,52.66153,9466.843,51.47357,37.645294,38.44503916666667,2022-08-21 00:00:00,0.7997451666666677,1.0166773796081543,47.1531982421875,95.15715789794922,277.01226806640625,8748.751953125,8953.0849609375,49.71062469482422,45.67353057861328
46.02717,0.96879506,271.52618,8317.138,98.05188,52.850956,9205.533,50.479584,38.831593,38.53495543333334,2022-07-31 12:00:00,0.29663756666666075,1.029932975769043,46.96211624145508,82.71104431152344,282.0758361816406,8662.09375,9597.3828125,52.98926544189453,39.60332489013672
47.471077,0.95239544,272.44742,8435.539,98.073166,53.304615,9269.121,50.649036,38.627567,38.53495543333334,2022-07-31 12:00:00,0.09261156666666182,1.029932975769043,46.96211624145508,82.71104431152344,282.0758361816406,8662.09375,9597.3828125,52.98926544189453,39.60332489013672
46.34866,0.9728016,272.34396,8431.539,97.8971,50.87986,9263.336,50.570377,38.720177,38.53495543333334,2022-07-31 12:00:00,0.18522156666666234,1.029932975769043,46.96211624145508,82.71104431152344,282.0758361816406,8662.09375,9597.3828125,52.98926544189453,39.60332489013672
46.590855,0.9350757,270.2193,8407.816,98.65513,52.531532,9209.156,50.413975,38.71423,38.53495543333334,2022-07-31 12:00:00,0.1792745666666633,1.029932975769043,46.96211624145508,82.71104431152344,282.0758361816406,8662.09375,9597.3828125,52.98926544189453,39.60332489013672
46.76658,0.95928556,273.289,8521.276,97.7224,52.095753,9237.488,50.604267,40.326733,38.53495543333334,2022-07-31 12:00:00,1.79177756666666,1.029932975769043,46.96211624145508,82.71104431152344,282.0758361816406,8662.09375,9597.3828125,52.98926544189453,39.60332489013672
46.99147,0.956544,271.7411,8443.874,98.5441,53.835915,9024.575,50.701614,38.760437,38.53495543333334,2022-07-31 12:00:00,0.22548156666666586,1.029932975769043,46.96211624145508,82.71104431152344,282.0758361816406,8662.09375,9597.3828125,52.98926544189453,39.60332489013672
45.74504,0.95102453,273.32547,8396.898,98.82783,51.932003,9328.994,49.804737,38.059868,38.44503916666667,2022-08-21 00:00:00,0.38517116666666595,1.0166773796081543,47.1531982421875,95.15715789794922,277.01226806640625,8748.751953125,8953.0849609375,49.71062469482422,45.67353057861328
46.695812,0.9825383,270.4892,8459.368,98.593765,53.148335,9338.393,50.080692,39.163364,38.53495543333334,2022-07-31 12:00:00,0.6284085666666641,1.029932975769043,46.96211624145508,82.71104431152344,282.0758361816406,8662.09375,9597.3828125,52.98926544189453,39.60332489013672
46.597,0.9688481,275.0566,8544.38,99.34492,53.314686,9168.087,50.461594,39.14043,38.53495543333334,2022-07-31 12:00:00,0.6054745666666648,1.029932975769043,46.96211624145508,82.71104431152344,282.0758361816406,8662.09375,9597.3828125,52.98926544189453,39.60332489013672
46.766827,0.99404067,270.79672,8527.042,98.11966,50.919106,9127.272,50.35566,39.945084,38.53495543333334,2022-07-31 12:00:00,1.410128566666664,1.029932975769043,46.96211624145508,82.71104431152344,282.0758361816406,8662.09375,9597.3828125,52.98926544189453,39.60332489013672
46.3726,0.9558452,274.3185,8465.736,98.45949,52.837,9083.177,49.759464,38.42192,38.44503916666667,2022-08-21 00:00:00,0.023119166666667468,1.0166773796081543,47.1531982421875,95.15715789794922,277.01226806640625,8748.751953125,8953.0849609375,49.71062469482422,45.67353057861328
47.291008,0.9473598,272.43048,8535.091,99.4133,51.38677,9168.472,50.009075,39.866844,38.53495543333334,2022-07-31 12:00:00,1.331888566666663,1.029932975769043,46.96211624145508,82.71104431152344,282.0758361816406,8662.09375,9597.3828125,52.98926544189453,39.60332489013672
47.321377,0.9800755,276.36783,8464.992,99.94584,52.7841,9140.095,49.546764,38.78736,38.53495543333334,2022-07-31 12:00:00,0.25240456666666233,1.029932975769043,46.96211624145508,82.71104431152344,282.0758361816406,8662.09375,9597.3828125,52.98926544189453,39.60332489013672
47.531605,1.0363383,270.95593,8611.2,97.71336,51.02876,9072.039,49.74354,38.66925,38.53495543333334,2022-07-31 12:00:00,0.13429456666666084,1.029932975769043,46.96211624145508,82.71104431152344,282.0758361816406,8662.09375,9597.3828125,52.98926544189453,39.60332489013672
47.14685,0.97116745,271.2524,8579.911,99.77066,52.97158,9055.778,49.847183,40.68689,42.247615,2022-08-15 21:00:00,1.560725000000005,1.095976710319519,49.35068130493164,96.00911712646484,287.8517150878906,9228.849609375,8555.3095703125,46.724971771240234,47.9182014465332
47.450157,1.0155312,272.6321,8554.819,98.83781,52.433865,9088.45,50.597157,40.281128,38.53495543333334,2022-07-31 12:00:00,1.7461725666666652,1.029932975769043,46.96211624145508,82.71104431152344,282.0758361816406,8662.09375,9597.3828125,52.98926544189453,39.60332489013672
47.41435,1.0160899,273.0518,8707.333,100.78576,51.692802,9081.34,49.773506,38.874928,38.53495543333334,2022-07-31 12:00:00,0.33997256666665976,1.029932975769043,46.96211624145508,82.71104431152344,282.0758361816406,8662.09375,9597.3828125,52.98926544189453,39.60332489013672
47.590355,0.97657084,276.99097,8552.05,98.85358,53.218044,9027.501,49.70274,40.23516,38.53495543333334,2022-07-31 12:00:00,1.7002045666666632,1.029932975769043,46.96211624145508,82.71104431152344,282.0758361816406,8662.09375,9597.3828125,52.98926544189453,39.60332489013672
48.66233,1.0003978,272.89923,8580.072,99.71061,50.432274,8984.481,49.292522,38.63531,38.53495543333334,2022-07-31 12:00:00,0.10035456666665965,1.029932975769043,46.96211624145508,82.71104431152344,282.0758361816406,8662.09375,9597.3828125,52.98926544189453,39.60332489013672
48.03871,1.0537661,275.2937,8638.317,100.1451,50.664116,9111.05,48.626274,38.754086,38.53495543333334,2022-07-31 12:00:00,0.21913056666666364,1.029932975769043,46.96211624145508,82.71104431152344,282.0758361816406,8662.09375,9597.3828125,52.98926544189453,39.60332489013672
47.790905,1.04911,274.9383,8682.26,101.344765,51.698162,8935.484,50.03679,40.993473,42.247615,2022-08-15 21:00:00,1.2541420000000016,1.095976710319519,49.35068130493164,96.00911712646484,287.8517150878906,9228.849609375,8555.3095703125,46.724971771240234,47.9182014465332
47.948456,1.0618805,277.21762,8662.686,100.09402,53.281654,8961.598,49.396442,40.211132,38.53495543333334,2022-07-31 12:00:00,1.676176566666662,1.029932975769043,46.96211624145508,82.71104431152344,282.0758361816406,8662.09375,9597.3828125,52.98926544189453,39.60332489013672
47.95189,1.0272113,273.5886,8751.098,99.19763,52.196724,8923.652,49.442787,40.015316,38.53495543333334,2022-07-31 12:00:00,1.4803605666666613,1.029932975769043,46.96211624145508,82.71104431152344,282.0758361816406,8662.09375,9597.3828125,52.98926544189453,39.60332489013672
47.69982,1.0115186,276.39688,8628.435,100.28449,51.639412,8988.354,49.45403,40.236076,38.53495543333334,2022-07-31 12:00:00,1.7011205666666598,1.029932975769043,46.96211624145508,82.71104431152344,282.0758361816406,8662.09375,9597.3828125,52.98926544189453,39.60332489013672
47.344246,1.0395696,275.93494,8637.638,99.69782,52.470505,8894.858,49.696953,40.184555,38.53495543333334,2022-07-31 12:00:00,1.6495995666666659,1.029932975769043,46.96211624145508,82.71104431152344,282.0758361816406,8662.09375,9597.3828125,52.98926544189453,39.60332489013672
47.73898,1.0247233,276.88135,8623.986,99.40043,52.216366,8932.194,49.33923,40.33323,38.53495543333334,2022-07-31 12:00:00,1.798274566666663,1.029932975769043,46.96211624145508,82.71104431152344,282.0758361816406,8662.09375,9597.3828125,52.98926544189453,39.60332489013672
47.723576,1.0229894,277.94144,8746.644,99.03384,50.700813,8904.499,49.5871,40.39524,42.247615,2022-08-15 21:00:00,1.852375000000002,1.095976710319519,49.35068130493164,96.00911712646484,287.8517150878906,9228.849609375,8555.3095703125,46.724971771240234,47.9182014465332
47.82011,1.0340918,275.2102,8717.185,100.05038,50.724106,9009.272,48.60064,40.087795,38.53495543333334,2022-07-31 12:00:00,1.5528395666666626,1.029932975769043,46.96211624145508,82.71104431152344,282.0758361816406,8662.09375,9597.3828125,52.98926544189453,39.60332489013672
47.6906,1.0310339,274.68115,8736.507,97.727066,50.56906,8978.759,49.082405,39.860317,38.53495543333334,2022-07-31 12:00:00,1.3253615666666647,1.029932975769043,46.96211624145508,82.71104431152344,282.0758361816406,8662.09375,9597.3828125,52.98926544189453,39.60332489013672
48.27888,1.0420514,273.16348,8634.805,98.44223,49.967113,8928.797,49.50554,37.853455,38.44503916666667,2022-08-21 00:00:00,0.5915841666666708,1.0166773796081543,47.1531982421875,95.15715789794922,277.01226806640625,8748.751953125,8953.0849609375,49.71062469482422,45.67353057861328
48.227863,1.0456884,275.38937,8663.887,99.82089,51.268867,9044.443,49.055386,40.074795,38.53495543333334,2022-07-31 12:00:00,1.5398395666666644,1.029932975769043,46.96211624145508,82.71104431152344,282.0758361816406,8662.09375,9597.3828125,52.98926544189453,39.60332489013672
47.373875,1.011956,271.69016,8722.203,98.5737,50.56998,8969.304,49.20458,40.392574,42.247615,2022-08-15 21:00:00,1.855041,1.095976710319519,49.35068130493164,96.00911712646484,287.8517150878906,9228.849609375,8555.3095703125,46.724971771240234,47.9182014465332
47.953655,1.0550141,274.03094,8673.481,99.76739,50.336224,8843.849,49.31344,40.47954,42.247615,2022-08-15 21:00:00,1.7680750000000032,1.095976710319519,49.35068130493164,96.00911712646484,287.8517150878906,9228.849609375,8555.3095703125,46.724971771240234,47.9182014465332
47.720688,0.9972024,273.25308,8689.967,100.63675,51.22941,8858.996,49.727543,39.98933,38.53495543333334,2022-07-31 12:00:00,1.4543745666666652,1.029932975769043,46.96211624145508,82.71104431152344,282.0758361816406,8662.09375,9597.3828125,52.98926544189453,39.60332489013672
47.880005,1.0505283,271.99228,8674.003,99.738884,51.377853,8894.515,49.130558,39.639187,38.53495543333334,2022-07-31 12:00:00,1.1042315666666624,1.029932975769043,46.96211624145508,82.71104431152344,282.0758361816406,8662.09375,9597.3828125,52.98926544189453,39.60332489013672
47.578094,1.0463965,274.0767,8727.206,99.19741,51.193615,8928.78,49.375786,39.36133,38.53495543333334,2022-07-31 12:00:00,0.8263745666666651,1.029932975769043,46.96211624145508,82.71104431152344,282.0758361816406,8662.09375,9597.3828125,52.98926544189453,39.60332489013672
47.377613,0.97811383,274.42035,8693.573,98.801476,50.97333,9013.147,49.143726,40.131977,38.53495543333334,2022-07-31 12:00:00,1.5970215666666618,1.029932975769043,46.96211624145508,82.71104431152344,282.0758361816406,8662.09375,9597.3828125,52.98926544189453,39.60332489013672
47.611305,1.0425665,276.03598,8770.049,100.33437,52.298183,8954.394,49.268032,39.940094,38.53495543333334,2022-07-31 12:00:00,1.4051385666666647,1.029932975769043,46.96211624145508,82.71104431152344,282.0758361816406,8662.09375,9597.3828125,52.98926544189453,39.60332489013672
47.777664,1.0246835,274.63196,8668.333,99.611374,52.469894,8976.142,49.560932,41.85115,42.247615,2022-08-15 21:00:00,0.3964650000000063,1.095976710319519,49.35068130493164,96.00911712646484,287.8517150878906,9228.849609375,8555.3095703125,46.724971771240234,47.9182014465332
48.808315,1.0282991,276.01776,8734.982,101.40879,52.87659,8902.087,49.272816,40.39314,42.247615,2022-08-15 21:00:00,1.8544750000000008,1.095976710319519,49.35068130493164,96.00911712646484,287.8517150878906,9228.849609375,8555.3095703125,46.724971771240234,47.9182014465332
47.161324,1.0433147,275.4897,8754.636,101.8558,52.607727,8874.636,48.733597,40.652855,42.247615,2022-08-15 21:00:00,1.5947600000000008,1.095976710319519,49.35068130493164,96.00911712646484,287.8517150878906,9228.849609375,8555.3095703125,46.724971771240234,47.9182014465332
48.51266,1.0307312,274.49698,8851.002,99.5322,51.479313,8875.215,49.021774,40.343143,38.53495543333334,2022-07-31 12:00:00,1.8081875666666605,1.029932975769043,46.96211624145508,82.71104431152344,282.0758361816406,8662.09375,9597.3828125,52.98926544189453,39.60332489013672
47.475414,1.0606915,276.56888,8816.418,99.76624,51.62672,8907.743,49.04576,40.81909,42.247615,2022-08-15 21:00:00,1.4285250000000005,1.095976710319519,49.35068130493164,96.00911712646484,287.8517150878906,9228.849609375,8555.3095703125,46.724971771240234,47.9182014465332
47.963367,1.0687085,276.96967,8671.925,103.62155,52.107075,8836.233,49.03906,39.80519,38.53495543333334,2022-07-31 12:00:00,1.270234566666666,1.029932975769043,46.96211624145508,82.71104431152344,282.0758361816406,8662.09375,9597.3828125,52.98926544189453,39.60332489013672
48.010742,1.0613091,276.66782,8785.618,102.05168,51.15315,8833.261,49.414886,41.64318,42.247615,2022-08-15 21:00:00,0.6044350000000023,1.095976710319519,49.35068130493164,96.00911712646484,287.8517150878906,9228.849609375,8555.3095703125,46.724971771240234,47.9182014465332
48.286465,1.041428,277.55298,8800.37,102.20725,52.39777,8869.525,49.30518,40.941917,42.247615,2022-08-15 21:00:00,1.3056980000000067,1.095976710319519,49.35068130493164,96.00911712646484,287.8517150878906,9228.849609375,8555.3095703125,46.724971771240234,47.9182014465332
48.300304,1.0675757,275.62723,8886.437,103.04499,51.190376,8800.689,49.342915,41.965717,42.247615,2022-08-15 21:00:00,0.2818980000000053,1.095976710319519,49.35068130493164,96.00911712646484,287.8517150878906,9228.849609375,8555.3095703125,46.724971771240234,47.9182014465332
48.103172,1.0350628,277.82632,8896.787,102.62611,52.178417,8897.094,48.96362,41.851826,42.247615,2022-08-15 21:00:00,0.3957890000000006,1.095976710319519,49.35068130493164,96.00911712646484,287.8517150878906,9228.849609375,8555.3095703125,46.724971771240234,47.9182014465332
48.698467,1.0542768,278.23743,8816.923,100.159836,52.20942,8852.833,48.92911,40.642754,42.247615,2022-08-15 21:00:00,1.6048610000000068,1.095976710319519,49.35068130493164,96.00911712646484,287.8517150878906,9228.849609375,8555.3095703125,46.724971771240234,47.9182014465332
48.668278,1.0816699,279.46634,8818.071,101.42531,52.59377,8814.058,49.427345,41.493305,42.247615,2022-08-15 21:00:00,0.7543100000000038,1.095976710319519,49.35068130493164,96.00911712646484,287.8517150878906,9228.849609375,8555.3095703125,46.724971771240234,47.9182014465332
49.007698,1.0553832,277.7504,8787.576,101.83492,51.736683,8904.699,48.96682,41.51219,42.247615,2022-08-15 21:00:00,0.7354250000000064,1.095976710319519,49.35068130493164,96.00911712646484,287.8517150878906,9228.849609375,8555.3095703125,46.724971771240234,47.9182014465332
48.623325,1.0587013,276.91074,8803.547,102.34801,52.84578,8864.72,48.85763,41.72647,42.247615,2022-08-15 21:00:00,0.5211450000000042,1.095976710319519,49.35068130493164,96.00911712646484,287.8517150878906,9228.849609375,8555.3095703125,46.724971771240234,47.9182014465332
48.558067,1.0702553,276.87903,8773.172,103.77979,52.721558,8736.495,48.94603,41.672016,42.247615,2022-08-15 21:00:00,0.575599000000004,1.095976710319519,49.35068130493164,96.00911712646484,287.8517150878906,9228.849609375,8555.3095703125,46.724971771240234,47.9182014465332
48.45503,1.096423,279.7302,8890.79,103.43596,53.00113,8783.845,48.912674,41.93649,42.247615,2022-08-15 21:00:00,0.3111250000000041,1.095976710319519,49.35068130493164,96.00911712646484,287.8517150878906,9228.849609375,8555.3095703125,46.724971771240234,47.9182014465332
49.086685,1.0874841,274.7038,8866.694,103.28233,52.36257,8771.172,48.69756,41.686615,42.247615,2022-08-15 21:00:00,0.5609999999999999,1.095976710319519,49.35068130493164,96.00911712646484,287.8517150878906,9228.849609375,8555.3095703125,46.724971771240234,47.9182014465332
49.60025,1.0789671,278.73096,8814.45,104.411545,53.48262,8828.0625,49.195656,42.26529,42.247615,2022-08-15 21:00:00,0.017674999999997,1.095976710319519,49.35068130493164,96.00911712646484,287.8517150878906,9228.849609375,8555.3095703125,46.724971771240234,47.9182014465332
48.97536,1.0795779,275.30905,8781.904,103.08528,53.16452,8776.399,49.26926,41.43326,42.247615,2022-08-15 21:00:00,0.8143550000000062,1.095976710319519,49.35068130493164,96.00911712646484,287.8517150878906,9228.849609375,8555.3095703125,46.724971771240234,47.9182014465332
48.060158,1.0755209,276.03882,8889.857,103.14506,52.00543,8794.279,48.50106,41.49871,42.247615,2022-08-15 21:00:00,0.7489050000000006,1.095976710319519,49.35068130493164,96.00911712646484,287.8517150878906,9228.849609375,8555.3095703125,46.724971771240234,47.9182014465332
49.522255,1.0538422,275.02753,8828.593,103.70606,52.812363,8769.721,48.390186,43.287807,43.51103277777778,2022-07-29 14:00:00,0.22322577777777752,1.1325877904891968,50.360958099365234,97.17610168457031,291.2713928222656,9379.1201171875,8385.671875,45.75779342651367,47.68873977661133
48.943428,1.0729938,279.01535,8902.408,102.865906,53.61884,8739.222,48.66294,42.76371,42.247615,2022-08-15 21:00:00,0.516095,1.095976710319519,49.35068130493164,96.00911712646484,287.8517150878906,9228.849609375,8555.3095703125,46.724971771240234,47.9182014465332
49.05132,1.1088357,274.78748,8800.534,102.72635,51.743874,8851.093,48.154408,42.396996,42.247615,2022-08-15 21:00:00,0.1493809999999982,1.095976710319519,49.35068130493164,96.00911712646484,287.8517150878906,9228.849609375,8555.3095703125,46.724971771240234,47.9182014465332
49.013557,1.0899156,279.10733,8889.777,102.224724,54.029537,8856.304,48.265503,42.182182,42.247615,2022-08-15 21:00:00,0.06543300000000585,1.095976710319519,49.35068130493164,96.00911712646484,287.8517150878906,9228.849609375,8555.3095703125,46.724971771240234,47.9182014465332
49.14319,1.0831885,277.15637,8847.214,102.497826,54.84728,8685.9795,48.53317,42.84471,42.247615,2022-08-15 21:00:00,0.5970949999999959,1.095976710319519,49.35068130493164,96.00911712646484,287.8517150878906,9228.849609375,8555.3095703125,46.724971771240234,47.9182014465332
49.38896,1.0992403,274.51974,8838.351,104.08353,51.811546,8802.219,48.05856,42.4319,42.247615,2022-08-15 21:00:00,0.1842849999999956,1.095976710319519,49.35068130493164,96.00911712646484,287.8517150878906,9228.849609375,8555.3095703125,46.724971771240234,47.9182014465332
49.811646,1.09766,277.71317,8898.812,103.54709,52.732975,8681.297,48.759563,42.767525,42.247615,2022-08-15 21:00:00,0.5199099999999959,1.095976710319519,49.35068130493164,96.00911712646484,287.8517150878906,9228.849609375,8555.3095703125,46.724971771240234,47.9182014465332
49.689346,1.0911701,276.59085,8854.052,104.98298,52.485233,8626.316,48.39285,43.644333,43.64098583333333,2022-09-02 12:00:00,0.0033471666666713418,1.5642658472061157,58.62162780761719,83.05366516113281,296.4175109863281,10270.2919921875,7338.36279296875,40.608333587646484,22.957971572875977
50.01726,1.1305714,278.98016,8861.3125,102.6573,52.781193,8625.761,47.600964,42.88642,43.51103277777778,2022-07-29 14:00:00,0.6246127777777772,1.1325877904891968,50.360958099365234,97.17610168457031,291.2713928222656,9379.1201171875,8385.671875,45.75779342651367,47.68873977661133
50.922985,1.1128312,277.1689,8939.155,103.96094,52.625095,8775.022,48.115704,43.28767,43.51103277777778,2022-07-29 14:00:00,0.2233627777777798,1.1325877904891968,50.360958099365234,97.17610168457031,291.2713928222656,9379.1201171875,8385.671875,45.75779342651367,47.68873977661133
50.11416,1.1253378,278.02567,8930.538,107.48649,53.32567,8538.661,47.800705,44.754673,44.75133104746013,2022-08-18 02:00:00,0.003341952539869908,1.1793341636657715,51.221839904785156,98.67733764648438,293.4425354003906,9545.560546875,8328.4580078125,45.460060119628906,49.1970100402832
50.4353,1.12158,281.45288,8989.802,107.648285,54.03419,8582.946,48.15891,43.916237,43.947856922506496,2022-07-29 16:00:00,0.03161992250649348,1.1451719999313354,50.61741256713867,97.99686431884766,291.1377258300781,9426.9765625,8315.888671875,45.466331481933594,47.93874740600586
51.232834,1.143973,280.73343,9099.043,106.12311,52.94094,8561.984,47.53023,44.71038,44.69324861111111,2022-09-02 06:00:00,0.017131388888891763,1.1755622625350952,51.49041748046875,98.89464569091797,292.67633056640625,9538.0595703125,8222.205078125,45.2740364074707,49.251583099365234
50.608597,1.1551479,279.37378,9050.587,105.76974,51.781487,8666.876,47.590557,45.18669,45.19972083333334,2022-08-20 10:00:00,0.013030833333338876,1.196008563041687,51.612403869628906,99.33685302734375,292.2187194824219,9598.423828125,8192.9345703125,45.21426010131836,50.53647994995117
50.799026,1.1413274,281.37286,9030.383,105.28382,52.84844,8560.873,47.284462,44.75915,44.75133104746013,2022-08-18 02:00:00,0.007818952539871304,1.1793341636657715,51.221839904785156,98.67733764648438,293.4425354003906,9545.560546875,8328.4580078125,45.460060119628906,49.1970100402832
51.618378,1.1456625,281.31137,9085.957,107.13817,54.66211,8605.802,48.368866,45.670067,45.66563277777777,2022-08-18 00:00:00,0.004434222222229778,1.2111250162124634,51.78532028198242,99.9857177734375,293.3475646972656,9655.64453125,8154.18896484375,44.92652893066406,49.51619338989258
50.986446,1.1915715,281.58728,9080.749,108.34837,54.19188,8473.661,47.972866,45.93996,45.93471361111111,2022-07-30 07:00:00,0.005246388888892284,1.2129706144332886,51.98695373535156,100.86114501953125,292.5708312988281,9669.9541015625,7976.56689453125,44.06476974487305,49.4062385559082
51.114754,1.1240423,281.09515,9022.968,107.7963,54.22555,8413.8125,47.56468,45.059013,45.03046138888889,2022-07-30 23:00:00,0.028551611111112152,1.181883692741394,51.697784423828125,99.51400756835938,292.5794372558594,9554.83203125,8100.423828125,44.6883544921875,47.85008239746094
51.253635,1.1636134,280.96698,9206.107,108.405174,54.26054,8533.752,47.737083,46.879517,47.013292777777785,2022-08-18 10:00:00,0.13377577777778527,1.257167935371399,52.74978256225586,101.91419982910156,294.3083801269531,9809.40625,7951.61865234375,44.12997817993164,52.053863525390625
51.200085,1.1984991,283.30817,9084.592,108.44695,53.81686,8419.925,47.129547,46.650646,46.660512777777775,2022-08-19 19:00:00,0.00986677777777345,1.2497512102127075,52.8099479675293,101.58583068847656,294.0756530761719,9771.896484375,7951.50146484375,44.278282165527344,50.757816314697266
51.58879,1.1976854,282.101,9160.126,108.31332,54.230064,8480.403,47.241295,46.89643,47.013292777777785,2022-08-18 10:00:00,0.11686277777778287,1.257167935371399,52.74978256225586,101.91419982910156,294.3083801269531,9809.40625,7951.61865234375,44.12997817993164,52.053863525390625
52.459984,1.2020644,283.14084,9177.279,108.79794,54.01368,8554.459,47.207912,46.441967,46.47967944444445,2022-09-01 20:00:00,0.037712444444451876,1.2478787899017334,52.83235549926758,101.86534118652344,295.5392761230469,9750.5048828125,7935.6201171875,43.91998291015625,49.828147888183594
51.434547,1.2210808,284.56613,9108.91,109.92427,55.79464,8406.268,46.767254,46.109642,46.11955749999999,2022-07-30 05:00:00,0.009915499999991084,1.2191095352172852,52.23286819458008,101.3929214477539,292.5286865234375,9685.068359375,7936.74267578125,43.957279205322266,49.60918426513672
51.920567,1.2402592,286.06976,9258.982,107.87666,55.67769,8418.872,47.319344,47.141186,47.04268888888888,2022-08-17 15:00:00,0.09849711111111503,1.2573959827423096,52.963069915771484,102.4101791381836,293.3784484863281,9807.3994140625,7920.30859375,44.16335678100586,54.24644470214844
52.798374,1.2180146,283.9104,9229.393,110.18226,56.694088,8257.819,46.61171,47.54563,47.52001612130763,2022-08-19 18:00:00,0.025613878692375636,1.2821050882339478,53.61265182495117,102.84832000732422,295.3562927246094,9863.96484375,7810.6025390625,43.72297668457031,51.7496337890625
53.171597,1.2437494,284.72906,9168.566,109.35182,56.690712,8358.502,46.49141,47.02705,47.013292777777785,2022-08-18 10:00:00,0.013757222222217536,1.257167935371399,52.74978256225586,101.91419982910156,294.3083801269531,9809.40625,7951.61865234375,44.12997817993164,52.053863525390625
52.887276,1.2371987,285.4692,9250.16,110.23892,55.97607,8335.009,46.42345,47.324997,47.34373805555556,2022-08-07 12:00:00,0.018741055555558717,1.2838283777236938,53.783409118652344,102.82058715820312,296.78033447265625,9854.8857421875,7700.5966796875,42.838619232177734,50.215126037597656
52.721867,1.2648349,285.89337,9255.678,111.23333,54.94345,8318.675,46.738586,47.64152,47.52001612130763,2022-08-19 18:00:00,0.12150387869237278,1.2821050882339478,53.61265182495117,102.84832000732422,295.3562927246094,9863.96484375,7810.6025390625,43.72297668457031,51.7496337890625
53.134277,1.2546856,286.77966,9341.097,111.78844,55.574337,8199.159,46.835392,47.71428,47.788805277777776,2022-08-20 16:00:00,0.07452527777777362,1.2939462661743164,54.05231857299805,102.91519165039062,297.1924133300781,9893.126953125,7802.47802734375,43.50709915161133,51.44844436645508
52.62388,1.2619805,286.76083,9252.151,111.333855,56.546227,8214.686,46.637768,47.831722,47.83078305555555,2022-09-02 00:00:00,0.0009389444444494188,1.2966300249099731,54.11798858642578,103.25839233398438,297.6771240234375,9909.0859375,7761.62890625,43.08610534667969,50.95354461669922
52.96952,1.2425476,288.9588,9340.773,110.275345,56.961353,8336.571,46.467587,47.992783,47.83078305555555,2022-09-02 00:00:00,0.1619999444444531,1.2966300249099731,54.11798858642578,103.25839233398438,297.6771240234375,9909.0859375,7761.62890625,43.08610534667969,50.95354461669922
53.45711,1.3091701,286.49042,9324.21,109.51193,57.352924,8160.01,46.25698,48.38793,48.25925888888889,2022-08-20 09:00:00,0.1286711111111103,1.3160326480865479,54.105918884277344,103.51763153076172,297.43695068359375,9950.654296875,7731.36572265625,43.236507415771484,51.39640426635742
53.85822,1.2977324,287.32352,9402.843,114.81476,57.358173,8120.243,46.194115,48.438183,48.58005638888889,2022-08-18 17:00:00,0.14187338888888945,1.320292592048645,54.320777893066406,104.66107940673828,295.6031799316406,9971.3642578125,7655.83349609375,43.17116165161133,53.065147399902344
53.59062,1.3233703,288.02753,9426.91,113.71651,58.610447,8102.8403,46.493183,49.174076,49.12349777777778,2022-08-19 22:00:00,0.05057822222222086,1.3444857597351074,54.92340850830078,104.98796844482422,297.672607421875,10036.0673828125,7565.0556640625,42.74348449707031,53.038387298583984
53.20084,1.276455,288.24747,9526.27,113.4467,56.598454,7942.0396,46.297485,48.70028,48.664540277777775,2022-08-20 00:00:00,0.03573972222222466,1.3265522718429565,54.738731384277344,104.28679656982422,297.6893310546875,9989.00390625,7633.9697265625,42.985965728759766,52.1595344543457
54.149006,1.329426,289.95322,9576.859,111.87349,56.567413,8242.811,46.254463,47.913483,47.83078305555555,2022-09-02 00:00:00,0.08269994444444961,1.2966300249099731,54.11798858642578,103.25839233398438,297.6771240234375,9909.0859375,7761.62890625,43.08610534667969,50.95354461669922
54.924862,1.3204747,292.29608,9403.339,114.027916,58.089336,7941.226,45.55195,49.952995,49.87672666666666,2022-08-18 11:00:00,0.07626833333333849,1.3720896244049072,55.263126373291016,106.0482406616211,299.11737060546875,10110.4169921875,7509.59375,42.32659912109375,54.464752197265625
54.371937,1.295523,291.11346,9650.682,115.42793,56.433243,8126.4854,45.53935,48.696346,48.664540277777775,2022-08-20 00:00:00,0.031805722222223665,1.3265522718429565,54.738731384277344,104.28679656982422,297.6893310546875,9989.00390625,7633.9697265625,42.985965728759766,52.1595344543457
54.27661,1.3127763,288.8018,9561.93,114.06483,59.373547,8022.2505,45.49795,49.859478,49.87672666666666,2022-08-18 11:00:00,0.01724866666666003,1.3720896244049072,55.263126373291016,106.0482406616211,299.11737060546875,10110.4169921875,7509.59375,42.32659912109375,54.464752197265625
54.41097,1.3250134,291.7453,9559.21,112.23003,57.494762,8119.904,46.40498,50.288326,50.27929972222222,2022-09-09 05:00:00,0.009026277777778091,1.3852198123931885,56.31940460205078,106.72645568847656,302.3183288574219,10147.2060546875,7287.0400390625,40.13811111450195,51.94470977783203
55.385826,1.3371217,288.05878,9488.752,113.578064,59.321877,7922.7354,45.239006,50.385654,50.427845,2022-08-20 03:00:00,0.04219099999999543,1.3979294300079346,56.312416076660156,106.6014633178711,299.92962646484375,10168.158203125,7382.28125,42.000022888183594,53.31808853149414
55.414307,1.3311778,289.1256,9617.767,116.04633,57.963017,7844.856,45.48956,49.08037,49.12349777777778,2022-08-19 22:00:00,0.043127777777776544,1.3444857597351074,54.92340850830078,104.98796844482422,297.672607421875,10036.0673828125,7565.0556640625,42.74348449707031,53.038387298583984
54.91441,1.3330867,291.6221,9550.023,117.58156,58.48277,8023.312,45.208622,49.522007,49.48693972222222,2022-08-15 18:00:00,0.03506727777778451,1.3599321842193604,55.04521560668945,105.1601791381836,301.2823791503906,10081.4111328125,7457.9111328125,41.4195556640625,52.42626953125
54.711674,1.3121794,291.50015,9618.805,115.65442,59.608143,8092.8003,45.574425,51.344166,51.257892898591024,2022-09-09 08:00:00,0.08627310140897748,1.4223990440368652,57.04935836791992,107.58264923095703,302.7674255371094,10250.66796875,7213.541015625,39.807132720947266,53.0672607421875
54.79539,1.3889402,296.03543,9604.602,114.19753,57.565697,8034.5195,44.645767,50.324818,50.27929972222222,2022-09-09 05:00:00,0.045518277777780725,1.3852198123931885,56.31940460205078,106.72645568847656,302.3183288574219,10147.2060546875,7287.0400390625,40.13811111450195,51.94470977783203
55.161694,1.3613297,292.58524,9642.611,112.66204,57.09212,7941.197,45.479183,50.87673,51.052062500000005,2022-09-09 07:00:00,0.17533250000000322,1.4168859720230103,56.90266799926758,107.21330261230469,302.64361572265625,10236.4609375,7225.841796875,39.800682067871094,52.572715759277344
56.154453,1.3464965,292.16135,9651.716,113.49255,59.402267,7986.3906,45.071186,51.370155,51.47790166666667,2022-09-02 13:00:00,0.10774666666667088,1.4467458724975586,57.37531661987305,107.89433288574219,303.3087463378906,10310.7568359375,7186.33154296875,40.4021110534668,55.190067291259766
55.547882,1.3922117,293.62708,9698.163,117.15095,57.964333,7819.7866,45.248177,50.912647,51.052062500000005,2022-09-09 07:00:00,0.13941550000000547,1.4168859720230103,56.90266799926758,107.21330261230469,302.64361572265625,10236.4609375,7225.841796875,39.800682067871094,52.572715759277344
55.69336,1.3529314,294.5445,9530.562,114.96906,56.657143,7796.809,45.138847,50.98829,51.052062500000005,2022-09-09 07:00:00,0.063772500000006,1.4168859720230103,56.90266799926758,107.21330261230469,302.64361572265625,10236.4609375,7225.841796875,39.800682067871094,52.572715759277344
56.280827,1.415436,291.65695,9828.367,115.71277,57.748867,7743.968,45.018723,52.132286,52.15569972222222,2022-07-29 10:00:00,0.023413722222215938,1.4602599143981934,57.15042495727539,108.52703094482422,304.5515441894531,10344.873046875,7182.84033203125,40.15357971191406,52.89825439453125
55.80348,1.3852596,293.91028,9749.486,116.88959,60.426723,7925.324,44.693703,52.373135,52.17351111111111,2022-07-29 12:00:00,0.19962388888888682,1.4620856046676636,57.38536834716797,108.17036437988281,304.67822265625,10358.0029296875,7157.47900390625,40.12763595581055,52.379600524902344
56.218407,1.3832215,294.88278,9766.246,115.26206,59.59603,7721.2827,44.9661,52.27475,52.17351111111111,2022-07-29 12:00:00,0.10123888888888644,1.4620856046676636,57.38536834716797,108.17036437988281,304.67822265625,10358.0029296875,7157.47900390625,40.12763595581055,52.379600524902344
56.07208,1.3736515,294.35663,9815.727,118.96918,59.091084,7768.738,45.14714,52.369392,52.17351111111111,2022-07-29 12:00:00,0.19588088888888677,1.4620856046676636,57.38536834716797,108.17036437988281,304.67822265625,10358.0029296875,7157.47900390625,40.12763595581055,52.379600524902344
55.529938,1.4497964,295.54007,9766.495,116.11692,59.199818,7701.1143,45.103065,52.278942,52.17351111111111,2022-07-29 12:00:00,0.10543088888888974,1.4620856046676636,57.38536834716797,108.17036437988281,304.67822265625,10358.0029296875,7157.47900390625,40.12763595581055,52.379600524902344
56.656,1.4475728,294.7226,9831.138,117.71445,59.28488,7677.7476,44.672432,52.87138,52.774525,2022-08-20 22:00:00,0.09685500000000502,1.5126367807388306,58.48634338378906,109.04737091064453,305.2227478027344,10445.7099609375,7168.84765625,40.521114349365234,54.4270133972168
56.929714,1.4173373,295.5273,9850.734,115.85324,59.092648,7590.121,44.238857,52.834724,52.774525,2022-08-20 22:00:00,0.06019900000000433,1.5126367807388306,58.48634338378906,109.04737091064453,305.2227478027344,10445.7099609375,7168.84765625,40.521114349365234,54.4270133972168
57.19667,1.4378251,298.51108,9931.191,116.0701,58.08623,7527.5024,44.506287,52.325188,52.17351111111111,2022-07-29 12:00:00,0.1516768888888862,1.4620856046676636,57.38536834716797,108.17036437988281,304.67822265625,10358.0029296875,7157.47900390625,40.12763595581055,52.379600524902344
57.557995,1.4784313,297.46698,9874.639,118.244644,60.343594,7554.415,43.880054,52.48879,52.65038055555556,2022-08-20 02:00:00,0.16159055555555568,1.4913798570632935,58.29511260986328,109.57719421386719,303.6923828125,10401.1103515625,7198.7841796875,40.82695007324219,55.0185546875
57.41985,1.4723947,295.86407,9892.935,117.1774,60.17085,7573.9,44.350903,54.12965,54.27027722222223,2022-08-18 12:00:00,0.14062722222222845,1.555599570274353,59.233882904052734,111.7718276977539,305.5702819824219,10561.201171875,7079.97412109375,40.14509582519531,56.46876907348633
57.477936,1.4658067,298.96246,9974.006,116.37693,60.584797,7610.708,43.588654,53.515686,53.55218638888889,2022-08-18 19:00:00,0.03650038888888929,1.5268802642822266,58.53092956542969,111.01864624023438,303.45123291015625,10470.7373046875,7148.9365234375,40.62166976928711,55.143211364746094
57.28528,1.4626987,300.79868,9970.789,117.961975,60.892303,7467.489,44.43118,53.465782,53.451193888888895,2022-08-15 19:00:00,0.014588111111102364,1.5206141471862793,58.5796012878418,110.12947845458984,306.23687744140625,10494.11328125,7019.07373046875,39.506317138671875,53.75046157836914
57.65076,1.4439526,300.34845,10055.959,120.39914,60.00941,7490.4697,43.746407,54.352715,54.4100475,2022-08-20 21:00:00,0.05733249999999401,1.5792572498321533,59.85249328613281,111.5191421508789,307.62518310546875,10605.3291015625,6977.8115234375,39.694549560546875,55.609840393066406
57.47744,1.4368203,299.67017,9989.007,119.41925,62.730198,7625.1484,44.175724,54.276775,54.27979805555555,2022-07-26 13:00:00,0.0030230555555519345,1.5577878952026367,59.57561111450195,112.25383758544922,305.9223937988281,10571.353515625,6854.9580078125,39.303993225097656,55.20199203491211
58.255302,1.5309778,299.15228,10109.515,119.546776,61.17353,7420.0723,44.058376,54.1107,53.96635972222222,2022-09-04 04:00:00,0.14434027777777914,1.5751595497131348,59.61961364746094,114.01643371582031,306.1347961425781,10600.5625,6973.37060546875,39.45869445800781,56.007564544677734
58.204227,1.4879149,298.8358,9841.875,120.71236,58.897045,7399.5645,43.362392,55.562405,55.45381,2022-08-19 15:00:00,0.10859500000000111,1.6074824333190918,60.71728515625,113.91011810302734,307.4563293457031,10686.845703125,6912.06396484375,39.57596969604492,57.63827133178711
58.18286,1.5020614,299.59036,9987.044,121.39484,61.12016,7410.7754,42.60793,54.414597,54.4100475,2022-08-20 21:00:00,0.004549500000003093,1.5792572498321533,59.85249328613281,111.5191421508789,307.62518310546875,10605.3291015625,6977.8115234375,39.694549560546875,55.609840393066406
58.045208,1.4791294,302.8816,10029.977,121.47743,61.237,7385.2153,43.0698,54.770653,54.76861602706711,2022-08-18 21:00:00,0.002036972932891956,1.5785468816757202,59.65082931518555,112.85608673095703,305.48150634765625,10602.166015625,7008.75390625,40.021507263183594,57.25053405761719
58.142296,1.5260885,303.1875,10118.498,120.85901,60.70697,7376.7124,43.50376,56.233402,56.05270166666667,2022-08-18 22:00:00,0.18070033333332702,1.627882957458496,60.9023551940918,115.31653594970703,307.3614807128906,10738.1171875,6863.93994140625,39.4266357421875,57.81875228881836
58.03581,1.50469,304.1179,9914.056,122.11118,64.113556,7331.7285,43.842743,56.4397,56.05270166666667,2022-08-18 22:00:00,0.3869983333333309,1.627882957458496,60.9023551940918,115.31653594970703,307.3614807128906,10738.1171875,6863.93994140625,39.4266357421875,57.81875228881836
57.895267,1.4902524,302.11777,10055.814,120.29196,63.29022,7477.7773,42.76997,55.806923,55.801009444444446,2022-08-20 18:00:00,0.0059135555555513974,1.6296864748001099,61.25452423095703,113.61956787109375,310.2491455078125,10759.9345703125,6852.25048828125,39.032405853271484,57.51884078979492
58.345245,1.4739679,302.79172,9974.623,122.52165,62.498566,7381.7563,43.06089,55.29322,55.45381,2022-08-19 15:00:00,0.16058999999999912,1.6074824333190918,60.71728515625,113.91011810302734,307.4563293457031,10686.845703125,6912.06396484375,39.57596969604492,57.63827133178711
58.86942,1.5162777,303.69006,9919.44,121.16924,61.580944,7340.6196,43.447414,55.74125,55.801009444444446,2022-08-20 18:00:00,0.059759444444445364,1.6296864748001099,61.25452423095703,113.61956787109375,310.2491455078125,10759.9345703125,6852.25048828125,39.032405853271484,57.51884078979492
58.63838,1.5073409,302.91797,9987.32,122.27462,62.642387,7566.947,43.281925,55.390175,55.45381,2022-08-19 15:00:00,0.06363499999999789,1.6074824333190918,60.71728515625,113.91011810302734,307.4563293457031,10686.845703125,6912.06396484375,39.57596969604492,57.63827133178711
58.283573,1.5304695,301.6733,9880.915,121.5074,62.172432,7631.1406,43.1703,56.284836,56.05270166666667,2022-08-18 22:00:00,0.23213433333332745,1.627882957458496,60.9023551940918,115.31653594970703,307.3614807128906,10738.1171875,6863.93994140625,39.4266357421875,57.81875228881836
58.402836,1.505696,305.76315,9957.971,122.926414,63.08423,7268.42,42.573677,56.07342,56.05270166666667,2022-08-18 22:00:00,0.02071833333332762,1.627882957458496,60.9023551940918,115.31653594970703,307.3614807128906,10738.1171875,6863.93994140625,39.4266357421875,57.81875228881836
59.211727,1.5246241,307.16336,10197.022,121.94986,63.80877,7218.129,42.609154,55.76218,55.801009444444446,2022-08-20 18:00:00,0.03882944444444547,1.6296864748001099,61.25452423095703,113.61956787109375,310.2491455078125,10759.9345703125,6852.25048828125,39.032405853271484,57.51884078979492
58.927734,1.5205578,305.1534,9944.975,123.06683,64.42488,7383.462,42.584255,56.757545,57.0119975,2022-08-19 14:00:00,0.2544524999999993,1.6669672727584839,62.282806396484375,116.81256866455078,309.41851806640625,10846.8818359375,6755.4541015625,38.9443359375,59.274505615234375
58.53325,1.4940504,307.2823,10026.295,122.132996,63.63933,7749.8936,42.827946,56.28263,56.05270166666667,2022-08-18 22:00:00,0.2299283333333264,1.627882957458496,60.9023551940918,115.31653594970703,307.3614807128906,10738.1171875,6863.93994140625,39.4266357421875,57.81875228881836
58.900803,1.5029824,307.85263,10011.504,124.9403,65.05432,7565.774,42.58241,56.502193,56.05270166666667,2022-08-18 22:00:00,0.44949133333332725,1.627882957458496,60.9023551940918,115.31653594970703,307.3614807128906,10738.1171875,6863.93994140625,39.4266357421875,57.81875228881836
59.205395,1.513969,309.66034,10007.162,125.83016,64.2964,7404.972,42.162857,56.624973,57.0119975,2022-08-19 14:00:00,0.38702450000000255,1.6669672727584839,62.282806396484375,116.81256866455078,309.41851806640625,10846.8818359375,6755.4541015625,38.9443359375,59.274505615234375
59.169598,1.5424513,307.94223,10012.697,124.02355,64.91828,7407.2856,43.10199,57.23464,57.0119975,2022-08-19 14:00:00,0.2226424999999992,1.6669672727584839,62.282806396484375,116.81256866455078,309.41851806640625,10846.8818359375,6755.4541015625,38.9443359375,59.274505615234375
59.294155,1.5075957,307.72995,10039.57,124.69679,64.13305,7268.8154,42.036015,57.90017,57.79615555555555,2022-08-19 07:00:00,0.10401444444445218,1.6995890140533447,62.553653717041016,118.4584732055664,310.20062255859375,10931.421875,6703.41259765625,38.695552825927734,63.18485641479492
59.11533,1.5414449,308.82602,10265.011,123.65684,65.763084,7660.9478,42.162594,56.830566,57.0119975,2022-08-19 14:00:00,0.1814315000000022,1.6669672727584839,62.282806396484375,116.81256866455078,309.41851806640625,10846.8818359375,6755.4541015625,38.9443359375,59.274505615234375
58.908554,1.5386773,310.33847,10015.82,123.67035,64.27433,7301.5815,41.93778,56.43224,56.05270166666667,2022-08-18 22:00:00,0.3795383333333291,1.627882957458496,60.9023551940918,115.31653594970703,307.3614807128906,10738.1171875,6863.93994140625,39.4266357421875,57.81875228881836
58.166794,1.5499954,309.5902,10116.956,123.54892,64.989456,7309.5825,42.426888,56.95399,57.0119975,2022-08-19 14:00:00,0.05800750000000221,1.6669672727584839,62.282806396484375,116.81256866455078,309.41851806640625,10846.8818359375,6755.4541015625,38.9443359375,59.274505615234375
58.761646,1.5086788,310.1075,10021.086,124.594696,65.0345,7495.792,42.273323,57.14665,57.0119975,2022-08-19 14:00:00,0.1346525000000014,1.6669672727584839,62.282806396484375,116.81256866455078,309.41851806640625,10846.8818359375,6755.4541015625,38.9443359375,59.274505615234375
58.33971,1.5027658,308.55084,10095.912,122.68088,65.64722,7541.1035,42.390022,56.137688,56.05270166666667,2022-08-18 22:00:00,0.08498633333332606,1.627882957458496,60.9023551940918,115.31653594970703,307.3614807128906,10738.1171875,6863.93994140625,39.4266357421875,57.81875228881836
59.43033,1.4982095,306.98087,10135.245,124.08909,65.05777,7316.947,42.29206,56.9809,57.0119975,2022-08-19 14:00:00,0.031097500000001332,1.6669672727584839,62.282806396484375,116.81256866455078,309.41851806640625,10846.8818359375,6755.4541015625,38.9443359375,59.274505615234375
59.120712,1.5209364,307.12564,10005.637,121.24846,64.33491,7523.8438,42.468086,56.71301,57.0119975,2022-08-19 14:00:00,0.2989875000000026,1.6669672727584839,62.282806396484375,116.81256866455078,309.41851806640625,10846.8818359375,6755.4541015625,38.9443359375,59.274505615234375
59.52886,1.504634,305.231,10009.199,121.356834,66.08177,7342.0054,42.367893,56.19279,56.05270166666667,2022-08-18 22:00:00,0.14008833333333115,1.627882957458496,60.9023551940918,115.31653594970703,307.3614807128906,10738.1171875,6863.93994140625,39.4266357421875,57.81875228881836
59.01972,1.4907424,303.3618,10071.337,122.12535,63.428253,7315.6494,42.36123,56.145523,56.05270166666667,2022-08-18 22:00:00,0.0928213333333261,1.627882957458496,60.9023551940918,115.31653594970703,307.3614807128906,10738.1171875,6863.93994140625,39.4266357421875,57.81875228881836
59.184105,1.5301565,304.58963,9960.908,121.77078,65.27325,7655.764,42.828846,56.44547,56.05270166666667,2022-08-18 22:00:00,0.39276833333332917,1.627882957458496,60.9023551940918,115.31653594970703,307.3614807128906,10738.1171875,6863.93994140625,39.4266357421875,57.81875228881836
58.617615,1.5380272,302.94965,10013.512,122.50765,65.25979,7410.2397,42.24656,55.672375,55.801009444444446,2022-08-20 18:00:00,0.12863444444444383,1.6296864748001099,61.25452423095703,113.61956787109375,310.2491455078125,10759.9345703125,6852.25048828125,39.032405853271484,57.51884078979492
58.823135,1.4800459,309.22763,10010.994,123.927444,64.812965,7662.23,42.30288,56.054302,56.05270166666667,2022-08-18 22:00:00,0.0016003333333287628,1.627882957458496,60.9023551940918,115.31653594970703,307.3614807128906,10738.1171875,6863.93994140625,39.4266357421875,57.81875228881836
58.91502,1.4952459,301.5286,10032.509,122.83599,65.504745,7282.167,42.34023,56.684734,57.0119975,2022-08-19 14:00:00,0.3272635000000008,1.6669672727584839,62.282806396484375,116.81256866455078,309.41851806640625,10846.8818359375,6755.4541015625,38.9443359375,59.274505615234375
59.006344,1.4746306,306.68002,10029.505,122.94463,64.45455,7628.8394,42.601295,57.0912,57.0119975,2022-08-19 14:00:00,0.07920250000000095,1.6669672727584839,62.282806396484375,116.81256866455078,309.41851806640625,10846.8818359375,6755.4541015625,38.9443359375,59.274505615234375
58.132557,1.50967,298.64713,10050.272,123.65298,65.740715,7539.642,42.803684,56.09472,56.05270166666667,2022-08-18 22:00:00,0.04201833333333127,1.627882957458496,60.90235900878906,115.31653594970703,307.3614807128906,10738.1171875,6863.94091796875,39.4266357421875,57.818748474121094
58.929203,1.4954522,303.19354,10009.193,122.44316,64.24105,7650.7026,42.27199,55.808636,55.801009444444446,2022-08-20 18:00:00,0.0076265555555536935,1.6296863555908203,61.25452423095703,113.61956787109375,310.2491455078125,10759.935546875,6852.2509765625,39.032405853271484,57.51884078979492
58.727585,1.4774702,302.13794,10000.598,122.86449,64.79386,7594.2515,42.25194,55.526535,55.45381,2022-08-19 15:00:00,0.07272500000000548,1.6074823141098022,60.71729278564453,113.91011810302734,307.4563293457031,10686.845703125,6912.06396484375,39.57596969604492,57.63827896118164
58.767822,1.4507833,304.02725,10004.66,120.40574,65.22083,7547.8496,42.598198,56.314125,56.05270166666667,2022-08-18 22:00:00,0.261423333333326,1.627882957458496,60.90235900878906,115.31653594970703,307.3614807128906,10738.1171875,6863.94091796875,39.4266357421875,57.818748474121094
57.60885,1.4739889,303.45856,9974.891,121.90299,64.48704,7534.759,43.043484,55.877895,55.91258694444445,2022-08-20 17:00:00,0.034691944444446676,1.6286600828170776,61.34682846069336,115.13709259033203,307.8898010253906,10747.78125,6850.18505859375,39.33297348022461,57.09702682495117
58.677982,1.473036,302.2991,10005.507,121.86734,64.96925,7441.3926,42.406734,55.91761,55.91258694444445,2022-08-20 17:00:00,0.005023055555554379,1.6286600828170776,61.34682846069336,115.13709259033203,307.8898010253906,10747.78125,6850.18505859375,39.33297348022461,57.09702682495117
59.0087,1.5097762,299.7303,10021.926,122.16786,64.10639,7428.8,42.61087,55.235012,55.45381,2022-08-19 15:00:00,0.2187979999999996,1.6074823141098022,60.71729278564453,113.91011810302734,307.4563293457031,10686.845703125,6912.06396484375,39.57596969604492,57.63827896118164
59.138855,1.4442651,298.99536,9966.677,121.33739,63.081203,7586.1753,42.678314,55.98613,56.05270166666667,2022-08-18 22:00:00,0.06657166666666825,1.627882957458496,60.90235900878906,115.31653594970703,307.3614807128906,10738.1171875,6863.94091796875,39.4266357421875,57.818748474121094
58.287838,1.4822657,305.4399,9990.078,122.0734,66.73445,7709.6284,42.45032,55.398994,55.45381,2022-08-19 15:00:00,0.05481599999999531,1.6074823141098022,60.71729278564453,113.91011810302734,307.4563293457031,10686.845703125,6912.06396484375,39.57596969604492,57.63827896118164
58.26295,1.4757328,300.33902,10002.296,120.800476,63.122536,7451.842,42.511486,55.491943,55.45381,2022-08-19 15:00:00,0.03813300000000197,1.6074823141098022,60.71729278564453,113.91011810302734,307.4563293457031,10686.845703125,6912.06396484375,39.57596969604492,57.63827896118164
58.56128,1.480886,304.16052,9961.117,122.65921,64.56244,7637.0767,42.516766,55.14761,54.91742,2022-08-20 19:00:00,0.23019000000000034,1.5964438915252686,60.23948287963867,112.20992279052734,308.79107666015625,10662.3876953125,6945.072265625,39.44832992553711,56.531211853027344
57.95873,1.4590294,307.2329,9928.551,121.58809,63.779602,7433.1978,42.95637,54.856247,54.83569249999999,2022-08-18 14:00:00,0.020554500000010023,1.5778878927230835,59.82801818847656,112.7242660522461,306.4315185546875,10617.0849609375,7012.3671875,39.9048957824707,57.29150390625
57.938133,1.4668701,305.05478,10030.345,121.32208,63.032745,7623.592,42.41268,55.334274,55.45381,2022-08-19 15:00:00,0.11953599999999653,1.6074823141098022,60.71729278564453,113.91011810302734,307.4563293457031,10686.845703125,6912.06396484375,39.57596969604492,57.63827896118164
58.131897,1.4651139,300.43228,10013.774,122.63061,63.039642,7510.863,42.291393,55.386745,55.45381,2022-08-19 15:00:00,0.06706499999999949,1.6074823141098022,60.71729278564453,113.91011810302734,307.4563293457031,10686.845703125,6912.06396484375,39.57596969604492,57.63827896118164
58.967865,1.4875299,305.49902,10017.009,121.28825,61.542603,7605.2896,42.648705,55.238605,55.45381,2022-08-19 15:00:00,0.21520499999999743,1.6074823141098022,60.71729278564453,113.91011810302734,307.4563293457031,10686.845703125,6912.06396484375,39.57596969604492,57.63827896118164
57.993404,1.4735835,299.8727,9966.494,120.92338,63.34188,7702.1855,42.856792,55.206123,55.45381,2022-08-19 15:00:00,0.2476869999999991,1.6074823141098022,60.71729278564453,113.91011810302734,307.4563293457031,10686.845703125,6912.06396484375,39.57596969604492,57.63827896118164
